task_id,dag_id,owner_vehicle,arrival_time_s,dispatch_time_s,completion_time_s,e2e_latency_s,workload
0,0,veh0,2.2,2.2,2.2,0,71.9012
1,0,veh0,2.2,2.3,2.3,0.1,69.7762
3,0,veh0,2.2,2.3,2.4,0.2,77.4734
5,1,veh0,2.3,2.3,2.5,0.2,59.6381
2,0,veh0,2.2,2.4,2.6,0.4,72.6886
6,1,veh0,2.3,2.6,2.7,0.4,46.7681
4,0,veh0,2.2,2.7,2.8,0.6,38.9309
7,1,veh0,2.3,2.8,2.9,0.6,46.8736
8,1,veh0,2.3,3,3,0.7,37.2665
9,1,veh0,2.3,3,3.1,0.8,60.7301
10,2,veh1,3.5,3.5,3.5,0,67.5442
11,2,veh1,3.5,3.6,3.6,0.1,72.9875
12,2,veh1,3.5,3.7,3.7,0.2,28.3566
13,3,veh4,5.1,5.1,5.1,0,46.9947
14,3,veh4,5.1,5.2,5.2,0.1,44.4882
15,3,veh4,5.1,5.2,5.3,0.2,66.2957
23,5,veh1,5.3,5.3,5.3,0,71.6017
19,4,veh3,5.2,5.2,5.4,0.2,64.5659
17,3,veh4,5.1,5.4,5.4,0.3,62.5426
16,3,veh4,5.1,5.4,5.5,0.4,29.1758
24,5,veh1,5.3,5.4,5.5,0.2,53.1693
18,3,veh4,5.1,5.5,5.6,0.5,20.9493
25,5,veh1,5.3,5.6,5.6,0.3,34.0174
20,4,veh3,5.2,5.5,5.7,0.5,47.8587
21,4,veh3,5.2,5.5,5.8,0.6,65.2326
22,4,veh3,5.2,5.9,5.9,0.7,27.4563
26,6,veh3,7,7,7,0,27.7862
27,6,veh3,7,7.1,7.1,0.1,41.6489
29,6,veh3,7,7.1,7.2,0.2,54.8815
30,6,veh3,7,7.1,7.3,0.3,34.3909
28,6,veh3,7,7.2,7.4,0.4,35.1395
31,7,veh4,7.4,7.4,7.5,0.1,65.7544
32,7,veh4,7.4,7.6,7.6,0.2,51.9096
33,7,veh4,7.4,7.6,7.7,0.3,42.8085
34,7,veh4,7.4,7.8,7.8,0.4,60.154
35,7,veh4,7.4,7.8,7.9,0.5,42.2051
36,7,veh4,7.4,7.8,8,0.6,29.7323
37,8,veh2,8,8,8.1,0.1,66.3307
38,8,veh2,8,8.2,8.2,0.2,75.9183
39,8,veh2,8,8.3,8.3,0.3,63.7134
41,8,veh2,8,8.3,8.4,0.4,75.581
40,8,veh2,8,8.4,8.5,0.5,75.512
42,9,veh8,9,9,9,0,69.6269
43,9,veh8,9,9.1,9.1,0.1,30.5718
44,9,veh8,9,9.2,9.2,0.2,73.1414
46,9,veh8,9,9.2,9.3,0.3,21.433
47,9,veh8,9,9.2,9.4,0.4,67.9162
45,9,veh8,9,9.3,9.5,0.5,41.2751
48,10,veh9,10.1,10.1,10.1,0,22.9827
50,10,veh9,10.1,10.2,10.2,0.1,42.5948
49,10,veh9,10.1,10.2,10.2,0.1,54.6142
51,11,veh3,14.2,14.2,14.2,0,24.7776
52,11,veh3,14.2,14.3,14.3,0.1,30.8968
53,11,veh3,14.2,14.4,14.4,0.2,24.3874
54,11,veh3,14.2,14.4,14.5,0.3,51.3372
55,12,veh2,15.2,15.2,15.2,0,60.3888
56,12,veh2,15.2,15.3,15.3,0.1,29.4548
60,13,veh11,15.3,15.3,15.3,0,62.9198
57,12,veh2,15.2,15.4,15.4,0.2,26.118
61,13,veh11,15.3,15.4,15.4,0.1,43.5764
58,12,veh2,15.2,15.5,15.5,0.3,29.1603
62,13,veh11,15.3,15.5,15.5,0.2,52.3064
59,12,veh2,15.2,15.6,15.6,0.4,59.2482
65,13,veh11,15.3,15.5,15.6,0.3,62.2601
63,13,veh11,15.3,15.6,15.7,0.4,69.5844
64,13,veh11,15.3,15.8,15.8,0.5,59.0783
66,14,veh5,17.3,17.3,17.3,0,64.7382
67,14,veh5,17.3,17.4,17.4,0.1,41.9926
68,14,veh5,17.3,17.4,17.5,0.2,48.8038
69,15,veh15,18.8,18.8,18.8,0,50.1798
70,15,veh15,18.8,18.9,18.9,0.1,74.2161
71,15,veh15,18.8,19,19,0.2,68.2377
72,16,veh14,19.3,19.3,19.3,0,26.5411
73,16,veh14,19.3,19.4,19.4,0.1,68.1778
74,16,veh14,19.3,19.5,19.5,0.2,64.1439
75,16,veh14,19.3,19.6,19.6,0.3,69.0661
76,17,veh19,20.7,20.7,20.7,0,66.77
77,17,veh19,20.7,20.8,20.8,0.1,59.2214
78,17,veh19,20.7,20.9,20.9,0.2,57.1108
79,17,veh19,20.7,20.9,21,0.3,20.1811
81,17,veh19,20.7,21,21.1,0.4,56.9183
80,17,veh19,20.7,21.1,21.2,0.5,67.758
82,18,veh1,21.5,21.5,21.5,0,28.8075
83,18,veh1,21.5,21.6,21.6,0.1,69.1454
85,18,veh1,21.5,21.6,21.7,0.2,66.3389
84,18,veh1,21.5,21.7,21.8,0.3,79.4992
86,18,veh1,21.5,21.8,21.9,0.4,22.6902
87,18,veh1,21.5,21.8,22,0.5,63.0127
88,19,veh1,23.1,23.1,23.1,0,54.4607
89,19,veh1,23.1,23.2,23.2,0.1,58.4543
90,19,veh1,23.1,23.3,23.3,0.2,33.6386
92,19,veh1,23.1,23.3,23.4,0.3,31.1078
91,19,veh1,23.1,23.4,23.5,0.4,56.4257
93,19,veh1,23.1,23.6,23.6,0.5,48.707
94,20,veh11,24.3,24.3,24.3,0,23.9223
95,20,veh11,24.3,24.4,24.4,0.1,42.5261
96,20,veh11,24.3,24.5,24.5,0.2,77.3126
97,21,veh16,24.6,24.6,24.6,0,78.8247
98,21,veh16,24.6,24.7,24.7,0.1,32.5599
99,21,veh16,24.6,24.8,24.8,0.2,47.4443
100,21,veh16,24.6,24.8,24.9,0.3,65.4967
101,22,veh9,25.8,25.8,25.8,0,68.5993
102,22,veh9,25.8,25.9,25.9,0.1,60.3482
103,22,veh9,25.8,26,26,0.2,54.6665
104,22,veh9,25.8,26.1,26.1,0.3,26.2801
105,22,veh9,25.8,26.1,26.2,0.4,57.3553
106,23,veh28,28.1,28.1,28.1,0,60.4738
109,24,veh20,28.2,28.2,28.2,0,49.0846
107,23,veh28,28.1,28.2,28.2,0.1,24.8318
110,24,veh20,28.2,28.3,28.3,0.1,26.0433
108,23,veh28,28.1,28.3,28.3,0.2,56.1083
111,24,veh20,28.2,28.4,28.4,0.2,27.5726
112,24,veh20,28.2,28.4,28.5,0.3,32.1561
113,25,veh11,29.8,29.8,29.8,0,31.535
116,25,veh11,29.8,29.9,29.9,0.1,54.5869
114,25,veh11,29.8,29.9,29.9,0.1,38.0049
117,25,veh11,29.8,30,30,0.2,70.8406
115,25,veh11,29.8,30,30,0.2,73.5478
118,25,veh11,29.8,30.1,30.1,0.3,26.4839
119,26,veh28,30.3,30.3,30.3,0,55.046
120,26,veh28,30.3,30.4,30.4,0.1,35.6756
122,26,veh28,30.3,30.5,30.5,0.2,71.718
121,26,veh28,30.3,30.5,30.5,0.2,65.5518
123,26,veh28,30.3,30.6,30.6,0.3,53.5342
124,27,veh18,30.7,30.7,30.7,0,33.7313
125,27,veh18,30.7,30.8,30.8,0.1,51.6088
128,28,veh11,30.8,30.8,30.8,0,73.785
126,27,veh18,30.7,30.8,30.9,0.2,42.4926
129,28,veh11,30.8,30.9,30.9,0.1,27.246
127,27,veh18,30.7,30.8,31,0.3,56.7927
130,28,veh11,30.8,31,31,0.2,74.599
132,28,veh11,30.8,31,31.1,0.3,76.9973
131,28,veh11,30.8,31.1,31.2,0.4,32.0784
133,28,veh11,30.8,31.3,31.3,0.5,69.6881
134,29,veh29,31.7,31.7,31.7,0,27.5298
135,29,veh29,31.7,31.8,31.8,0.1,29.6256
136,29,veh29,31.7,31.8,31.9,0.2,50.282
137,29,veh29,31.7,31.9,32,0.3,24.0684
139,29,veh29,31.7,31.9,32.1,0.4,77.7723
140,30,veh5,32,32,32.2,0.2,24.6629
138,29,veh29,31.7,32.1,32.3,0.6,51.0716
141,30,veh5,32,32.3,32.4,0.4,76.7691
142,30,veh5,32,32.3,32.5,0.5,25.1096
143,30,veh5,32,32.6,32.6,0.6,71.5731
144,30,veh5,32,32.7,32.7,0.7,70.1869
145,30,veh5,32,32.8,32.8,0.8,71.4021
146,31,veh8,33,33,33,0,33.0567
147,31,veh8,33,33.1,33.1,0.1,23.7963
148,31,veh8,33,33.2,33.2,0.2,58.8662
149,32,veh33,36.4,36.4,36.4,0,76.3089
150,32,veh33,36.4,36.5,36.5,0.1,66.7847
151,32,veh33,36.4,36.6,36.6,0.2,66.3003
152,32,veh33,36.4,36.7,36.7,0.3,45.5399
153,33,veh33,38.9,38.9,38.9,0,50.5086
154,33,veh33,38.9,39,39,0.1,71.6655
155,33,veh33,38.9,39,39.1,0.2,27.4851
157,33,veh33,38.9,39.1,39.2,0.3,58.3476
158,34,veh11,39.1,39.1,39.3,0.2,49.5031
156,33,veh33,38.9,39.2,39.4,0.5,76.898
162,35,veh35,39.3,39.3,39.5,0.2,60.1074
159,34,veh11,39.1,39.4,39.6,0.5,39.0719
163,35,veh35,39.3,39.6,39.7,0.4,31.2917
164,35,veh35,39.3,39.6,39.8,0.5,23.8875
160,34,veh11,39.1,39.7,39.9,0.8,23.1797
165,35,veh35,39.3,39.9,40,0.7,49.9887
161,34,veh11,39.1,40,40.1,1,26.4505
166,35,veh35,39.3,40.1,40.2,0.9,23.8923
167,36,veh9,40.3,40.3,40.3,0,53.3844
168,36,veh9,40.3,40.4,40.4,0.1,79.7031
169,36,veh9,40.3,40.5,40.5,0.2,59.0696
170,36,veh9,40.3,40.6,40.6,0.3,35.1723
177,38,veh31,40.7,40.7,40.7,0,49.9959
172,36,veh9,40.3,40.6,40.7,0.4,49.6906
178,38,veh31,40.7,40.8,40.8,0.1,28.6164
173,37,veh21,40.6,40.6,40.8,0.2,56.6039
180,38,veh31,40.7,40.8,40.9,0.2,40.4136
171,36,veh9,40.3,40.7,40.9,0.6,58.7078
181,38,veh31,40.7,40.8,41,0.3,43.2858
182,39,veh22,40.8,40.8,41,0.2,20.9946
179,38,veh31,40.7,40.9,41.1,0.4,31.1441
174,37,veh21,40.6,40.9,41.1,0.5,72.1884
176,37,veh21,40.6,40.9,41.2,0.6,37.4692
183,39,veh22,40.8,41.1,41.3,0.5,59.1074
175,37,veh21,40.6,41.2,41.4,0.8,24.3207
184,39,veh22,40.8,41.4,41.5,0.7,50.9451
185,40,veh11,42,42,42,0,35.7755
186,40,veh11,42,42.1,42.1,0.1,64.4287
187,40,veh11,42,42.2,42.2,0.2,60.2858
188,41,veh27,42.6,42.6,42.6,0,77.0681
191,41,veh27,42.6,42.7,42.7,0.1,45.6328
189,41,veh27,42.6,42.7,42.7,0.1,37.0281
192,41,veh27,42.6,42.8,42.8,0.2,21.9317
190,41,veh27,42.6,42.8,42.8,0.2,52.5708
193,41,veh27,42.6,42.9,42.9,0.3,65.7579
194,42,veh35,43.6,43.6,43.6,0,65.8498
195,42,veh35,43.6,43.7,43.7,0.1,47.206
199,43,veh34,43.8,43.8,43.8,0,37.3632
196,42,veh35,43.6,43.8,43.8,0.2,45.9413
200,43,veh34,43.8,43.9,43.9,0.1,44.3591
198,42,veh35,43.6,43.8,43.9,0.3,69.3802
202,43,veh34,43.8,44,44,0.2,34.3647
197,42,veh35,43.6,43.9,44,0.4,20.9242
201,43,veh34,43.8,44,44.1,0.3,70.4853
203,44,veh22,44.7,44.7,44.7,0,62.0828
207,44,veh22,44.7,44.8,44.8,0.1,70.2117
204,44,veh22,44.7,44.8,44.8,0.1,63.9425
205,44,veh22,44.7,44.8,44.9,0.2,35.9626
206,44,veh22,44.7,45,45,0.3,67.2147
208,44,veh22,44.7,45.1,45.1,0.4,45.3
209,45,veh19,45.1,45.1,45.2,0.1,23.4687
210,45,veh19,45.1,45.3,45.3,0.2,31.067
211,45,veh19,45.1,45.4,45.4,0.3,54.0614
212,45,veh19,45.1,45.5,45.5,0.4,55.7589
213,46,veh32,46,46,46,0,76.8926
214,46,veh32,46,46.1,46.1,0.1,31.5534
215,46,veh32,46,46.2,46.2,0.2,46.0693
216,46,veh32,46,46.3,46.3,0.3,59.0261
217,46,veh32,46,46.3,46.4,0.4,64.0515
218,46,veh32,46,46.3,46.5,0.5,63.2782
219,47,veh32,46.9,46.9,46.9,0,32.127
220,47,veh32,46.9,47,47,0.1,63.2806
221,47,veh32,46.9,47.1,47.1,0.2,38.3173
222,47,veh32,46.9,47.2,47.2,0.3,55.0728
223,47,veh32,46.9,47.2,47.3,0.4,78.265
224,48,veh47,49.1,49.1,49.1,0,77.4702
228,49,veh40,49.2,49.2,49.2,0,63.495
225,48,veh47,49.1,49.2,49.2,0.1,75.9799
229,49,veh40,49.2,49.3,49.3,0.1,70.6096
226,48,veh47,49.1,49.3,49.3,0.2,61.3307
230,49,veh40,49.2,49.4,49.4,0.2,66.9944
227,48,veh47,49.1,49.4,49.4,0.3,34.1047
232,49,veh40,49.2,49.5,49.5,0.3,49.4174
231,49,veh40,49.2,49.5,49.5,0.3,43.473
233,50,veh40,49.5,49.5,49.6,0.1,31.4504
234,50,veh40,49.5,49.7,49.7,0.2,60.0271
235,50,veh40,49.5,49.8,49.8,0.3,24.7483
239,51,veh5,49.7,49.7,49.8,0.1,73.0277
236,50,veh40,49.5,49.8,49.9,0.4,70.3428
240,51,veh5,49.7,49.9,49.9,0.2,48.4501
237,50,veh40,49.5,50,50,0.5,68.6459
242,51,veh5,49.7,49.9,50,0.3,47.6948
238,50,veh40,49.5,50.1,50.1,0.6,79.5167
241,51,veh5,49.7,50,50.1,0.4,75.7973
243,52,veh36,50.2,50.2,50.2,0,31.3081
244,52,veh36,50.2,50.3,50.3,0.1,41.3126
247,52,veh36,50.2,50.3,50.4,0.2,40.1331
245,52,veh36,50.2,50.4,50.5,0.3,36.5854
246,52,veh36,50.2,50.6,50.6,0.4,22.8542
248,52,veh36,50.2,50.7,50.7,0.5,72.3857
249,53,veh7,50.9,50.9,50.9,0,50.8708
250,53,veh7,50.9,51,51,0.1,31.9805
251,53,veh7,50.9,51.1,51.1,0.2,27.0916
252,54,veh32,51.5,51.5,51.5,0,47.5974
253,54,veh32,51.5,51.6,51.6,0.1,35.2333
258,55,veh41,51.6,51.6,51.6,0,63.3469
254,54,veh32,51.5,51.7,51.7,0.2,31.9647
257,54,veh32,51.5,51.7,51.7,0.2,60.7026
255,54,veh32,51.5,51.8,51.8,0.3,53.723
259,55,veh41,51.6,51.7,51.8,0.2,45.789
256,54,veh32,51.5,51.9,51.9,0.4,28.0264
260,55,veh41,51.6,51.9,51.9,0.3,52.7873
261,55,veh41,51.6,52,52,0.4,55.3971
262,56,veh9,54.2,54.2,54.2,0,34.183
263,56,veh9,54.2,54.3,54.3,0.1,25.3778
264,56,veh9,54.2,54.3,54.4,0.2,40.3305
265,56,veh9,54.2,54.5,54.5,0.3,49.3429
266,56,veh9,54.2,54.6,54.6,0.4,58.0094
267,56,veh9,54.2,54.7,54.7,0.5,61.2382
268,57,veh29,55,55,55,0,78.4926
269,57,veh29,55,55.1,55.1,0.1,26.5986
271,58,veh15,55.2,55.2,55.2,0,75.1543
270,57,veh29,55,55.1,55.2,0.2,52.9432
272,58,veh15,55.2,55.3,55.3,0.1,55.9844
275,59,veh1,55.3,55.3,55.3,0,32.9873
273,58,veh15,55.2,55.4,55.4,0.2,57.703
276,59,veh1,55.3,55.4,55.4,0.1,75.9141
274,58,veh15,55.2,55.4,55.5,0.3,37.0277
277,59,veh1,55.3,55.4,55.5,0.2,41.2189
278,60,veh8,55.5,55.5,55.6,0.1,36.8781
279,60,veh8,55.5,55.7,55.7,0.2,73.0809
280,60,veh8,55.5,55.8,55.8,0.3,30.6839
281,60,veh8,55.5,55.9,55.9,0.4,26.0175
282,61,veh40,59.2,59.2,59.2,0,76.798
283,61,veh40,59.2,59.3,59.3,0.1,74.5029
284,61,veh40,59.2,59.4,59.4,0.2,37.0774
285,61,veh40,59.2,59.4,59.5,0.3,75.3503
286,61,veh40,59.2,59.4,59.6,0.4,57.9197
287,61,veh40,59.2,59.6,59.7,0.5,48.138
288,62,veh58,59.9,59.9,59.9,0,71.7936
289,62,veh58,59.9,60,60,0.1,20.5924
290,62,veh58,59.9,60,60.1,0.2,29.8946
291,62,veh58,59.9,60.1,60.2,0.3,25.1403
292,62,veh58,59.9,60.1,60.3,0.4,58.6146
293,63,veh48,62.9,62.9,62.9,0,47.908
294,63,veh48,62.9,63,63,0.1,35.3997
295,63,veh48,62.9,63.1,63.1,0.2,78.9199
296,63,veh48,62.9,63.2,63.2,0.3,39.113
297,64,veh6,64.1,64.1,64.1,0,31.4855
298,64,veh6,64.1,64.2,64.2,0.1,32.3358
300,64,veh6,64.1,64.2,64.3,0.2,31.7559
299,64,veh6,64.1,64.3,64.4,0.3,28.7471
301,64,veh6,64.1,64.5,64.5,0.4,25.2913
302,65,veh18,64.8,64.8,64.8,0,65.9095
303,65,veh18,64.8,64.9,64.9,0.1,57.5813
304,65,veh18,64.8,64.9,65,0.2,53.4695
305,65,veh18,64.8,64.9,65.1,0.3,60.9744
306,66,veh64,65.8,65.8,65.8,0,57.1481
307,66,veh64,65.8,65.9,65.9,0.1,65.911
308,66,veh64,65.8,65.9,66,0.2,73.4274
309,67,veh15,66.4,66.4,66.4,0,35.8694
310,67,veh15,66.4,66.5,66.5,0.1,29.1396
311,67,veh15,66.4,66.5,66.6,0.2,37.2792
313,67,veh15,66.4,66.6,66.7,0.3,65.9713
312,67,veh15,66.4,66.7,66.8,0.4,55.6908
315,68,veh21,66.8,66.8,66.8,0,78.8846
314,67,veh15,66.4,66.9,66.9,0.5,64.626
316,68,veh21,66.8,66.9,66.9,0.1,45.0579
317,68,veh21,66.8,67,67,0.2,31.5367
318,69,veh16,67.2,67.2,67.2,0,58.4003
319,69,veh16,67.2,67.3,67.3,0.1,43.0502
323,70,veh17,67.3,67.3,67.3,0,37.1351
320,69,veh16,67.2,67.3,67.4,0.2,73.7052
324,70,veh17,67.3,67.4,67.4,0.1,59.0757
322,69,veh16,67.2,67.3,67.5,0.3,50.5089
325,70,veh17,67.3,67.4,67.5,0.2,71.2543
321,69,veh16,67.2,67.4,67.6,0.4,60.924
327,70,veh17,67.3,67.5,67.6,0.3,55.6575
326,70,veh17,67.3,67.6,67.7,0.4,39.7488
328,71,veh27,68.1,68.1,68.1,0,71.1311
329,71,veh27,68.1,68.2,68.2,0.1,58.8673
330,71,veh27,68.1,68.2,68.3,0.2,32.8681
331,72,veh63,69.3,69.3,69.3,0,26.3158
332,72,veh63,69.3,69.4,69.4,0.1,27.5859
333,72,veh63,69.3,69.5,69.5,0.2,57.3464
334,73,veh48,70.2,70.2,70.2,0,73.5432
335,73,veh48,70.2,70.3,70.3,0.1,76.8297
336,73,veh48,70.2,70.3,70.4,0.2,21.9586
337,74,veh34,71,71,71,0,52.0189
340,74,veh34,71,71.1,71.1,0.1,72.2154
338,74,veh34,71,71.1,71.1,0.1,50.9236
342,74,veh34,71,71.1,71.2,0.2,37.4484
339,74,veh34,71,71.2,71.2,0.2,43.1546
341,74,veh34,71,71.3,71.3,0.3,79.7592
343,75,veh39,73.7,73.7,73.7,0,62.7225
344,75,veh39,73.7,73.8,73.8,0.1,50.9538
347,76,veh6,73.9,73.9,73.9,0,70.8576
345,75,veh39,73.7,73.9,73.9,0.2,31.892
348,76,veh6,73.9,74,74,0.1,42.7299
346,75,veh39,73.7,73.9,74,0.3,62.7898
350,76,veh6,73.9,74.1,74.1,0.2,31.9317
349,76,veh6,73.9,74.1,74.1,0.2,78.6958
351,76,veh6,73.9,74.2,74.2,0.3,54.3274
353,77,veh22,74.1,74.1,74.2,0.1,77.3912
352,76,veh6,73.9,74.2,74.3,0.4,75.0817
354,77,veh22,74.1,74.3,74.4,0.3,24.6035
355,77,veh22,74.1,74.5,74.5,0.4,78.6728
356,77,veh22,74.1,74.5,74.6,0.5,77.252
357,77,veh22,74.1,74.5,74.7,0.6,20.6954
358,78,veh23,76.4,76.4,76.4,0,53.9094
359,78,veh23,76.4,76.5,76.5,0.1,76.922
360,78,veh23,76.4,76.5,76.6,0.2,58.968
361,78,veh23,76.4,76.5,76.7,0.3,59.4513
362,79,veh66,77.7,77.7,77.7,0,75.3583
363,79,veh66,77.7,77.8,77.8,0.1,42.3499
364,79,veh66,77.7,77.9,77.9,0.2,39.0257
365,80,veh62,78,78,78,0,32.5306
366,80,veh62,78,78.1,78.1,0.1,53.0863
367,80,veh62,78,78.1,78.2,0.2,47.2026
368,81,veh7,79.6,79.6,79.6,0,27.0426
369,81,veh7,79.6,79.7,79.7,0.1,24.873
370,81,veh7,79.6,79.8,79.8,0.2,54.3692
371,82,veh57,81.5,81.5,81.5,0,53.0481
372,82,veh57,81.5,81.6,81.6,0.1,29.9064
373,82,veh57,81.5,81.7,81.7,0.2,78.9487
374,82,veh57,81.5,81.8,81.8,0.3,68.4266
376,82,veh57,81.5,81.8,81.9,0.4,41.0004
377,83,veh60,81.8,81.8,82,0.2,40.0851
375,82,veh57,81.5,81.9,82.1,0.6,33.1492
378,83,veh60,81.8,82.1,82.2,0.4,37.0848
381,84,veh70,82.2,82.2,82.2,0,59.6331
379,83,veh60,81.8,82.3,82.3,0.5,63.053
382,84,veh70,82.2,82.3,82.3,0.1,20.2782
380,83,veh60,81.8,82.4,82.4,0.6,37.7142
383,84,veh70,82.2,82.4,82.4,0.2,72.6681
385,84,veh70,82.2,82.4,82.5,0.3,60.8723
384,84,veh70,82.2,82.5,82.5,0.3,56.3927
386,85,veh5,82.5,82.5,82.6,0.1,66.1902
387,85,veh5,82.5,82.7,82.7,0.2,29.8164
391,86,veh42,82.6,82.6,82.7,0.1,51.2412
388,85,veh5,82.5,82.8,82.8,0.3,51.3805
389,85,veh5,82.5,82.7,82.8,0.3,43.524
390,85,veh5,82.5,82.9,82.9,0.4,34.4291
392,86,veh42,82.6,82.8,82.9,0.3,27.4186
393,86,veh42,82.6,83,83,0.4,69.724
397,87,veh57,83.1,83.1,83.1,0,36.3441
394,86,veh42,82.6,83.1,83.1,0.5,54.6187
398,87,veh57,83.1,83.2,83.2,0.1,72.385
395,86,veh42,82.6,83.2,83.2,0.6,35.0996
399,87,veh57,83.1,83.3,83.3,0.2,74.4891
396,86,veh42,82.6,83.3,83.3,0.7,73.1982
400,88,veh31,83.4,83.4,83.4,0,43.1663
401,88,veh31,83.4,83.5,83.5,0.1,40.391
402,88,veh31,83.4,83.5,83.6,0.2,58.447
403,89,veh75,83.8,83.8,83.8,0,45.2222
404,89,veh75,83.8,83.9,83.9,0.1,64.4751
405,89,veh75,83.8,83.9,84,0.2,45.1389
406,89,veh75,83.8,84.1,84.1,0.3,75.3531
407,89,veh75,83.8,84.1,84.2,0.4,38.4927
408,89,veh75,83.8,84.1,84.3,0.5,64.6034
409,90,veh21,84.3,84.3,84.3,0,40.497
410,90,veh21,84.3,84.4,84.4,0.1,75.5328
411,90,veh21,84.3,84.5,84.5,0.2,44.8155
412,90,veh21,84.3,84.5,84.6,0.3,45.4662
413,90,veh21,84.3,84.7,84.7,0.4,26.1654
414,91,veh38,84.9,84.9,84.9,0,78.3792
415,91,veh38,84.9,85,85,0.1,42.9318
418,91,veh38,84.9,85,85.1,0.2,37.0077
416,91,veh38,84.9,85.1,85.2,0.3,50.0372
417,91,veh38,84.9,85.3,85.3,0.4,48.3091
419,92,veh54,85.6,85.6,85.6,0,20.9466
420,92,veh54,85.6,85.7,85.7,0.1,75.9381
421,92,veh54,85.6,85.8,85.8,0.2,27.5647
422,92,veh54,85.6,85.9,85.9,0.3,69.632
423,93,veh12,87.2,87.2,87.2,0,53.6846
424,93,veh12,87.2,87.3,87.3,0.1,25.2484
425,93,veh12,87.2,87.3,87.4,0.2,44.3863
426,93,veh12,87.2,87.5,87.5,0.3,64.8247
427,94,veh36,87.8,87.8,87.8,0,45.8265
428,94,veh36,87.8,87.9,87.9,0.1,56.2498
429,94,veh36,87.8,88,88,0.2,20.3529
430,95,veh37,88.1,88.1,88.1,0,61.7598
431,95,veh37,88.1,88.2,88.2,0.1,31.7501
432,95,veh37,88.1,88.3,88.3,0.2,79.3833
433,95,veh37,88.1,88.3,88.4,0.3,44.4557
434,96,veh73,89.4,89.4,89.4,0,54.6743
435,96,veh73,89.4,89.5,89.5,0.1,52.4185
438,96,veh73,89.4,89.5,89.6,0.2,37.5799
439,97,veh56,89.6,89.6,89.6,0,71.1769
436,96,veh73,89.4,89.6,89.7,0.3,21.7977
440,97,veh56,89.6,89.7,89.7,0.1,32.9678
437,96,veh73,89.4,89.8,89.8,0.4,51.603
442,97,veh56,89.6,89.7,89.8,0.2,46.4264
443,98,veh82,89.9,89.9,89.9,0,48.0343
441,97,veh56,89.6,89.8,89.9,0.3,69.2706
444,98,veh82,89.9,90,90,0.1,26.6334
445,98,veh82,89.9,90.1,90.1,0.2,75.9269
446,98,veh82,89.9,90.1,90.2,0.3,74.0867
447,99,veh44,91.5,91.5,91.5,0,36.4261
448,99,veh44,91.5,91.6,91.6,0.1,22.3963
449,99,veh44,91.5,91.7,91.7,0.2,36.9457
450,99,veh44,91.5,91.8,91.8,0.3,44.8214
451,100,veh34,92.8,92.8,92.8,0,67.8047
455,101,veh69,92.9,92.9,92.9,0,52.0185
452,100,veh34,92.8,92.9,92.9,0.1,57.5199
456,101,veh69,92.9,93,93,0.1,24.0229
453,100,veh34,92.8,93,93,0.2,45.1
457,101,veh69,92.9,93.1,93.1,0.2,25.0413
454,100,veh34,92.8,93.1,93.1,0.3,21.2161
458,101,veh69,92.9,93.2,93.2,0.3,52.5246
459,101,veh69,92.9,93.3,93.3,0.4,72.6776
460,101,veh69,92.9,93.4,93.4,0.5,23.2205
461,102,veh54,94.2,94.2,94.2,0,43.2228
462,102,veh54,94.2,94.3,94.3,0.1,36.2507
463,102,veh54,94.2,94.3,94.4,0.2,21.5986
464,103,veh16,95.9,95.9,95.9,0,76.8299
465,103,veh16,95.9,96,96,0.1,35.2459
466,103,veh16,95.9,96,96.1,0.2,60.685
467,103,veh16,95.9,96.2,96.2,0.3,70.0343
468,103,veh16,95.9,96.3,96.3,0.4,56.7477
469,104,veh42,96.9,96.9,96.9,0,70.8405
470,104,veh42,96.9,97,97,0.1,54.1655
471,104,veh42,96.9,97.1,97.1,0.2,21.9745
473,104,veh42,96.9,97.1,97.2,0.3,35.0577
472,104,veh42,96.9,97.2,97.3,0.4,21.4416
474,105,veh55,97.5,97.5,97.5,0,57.2233
475,105,veh55,97.5,97.6,97.6,0.1,30.9575
477,106,veh68,97.6,97.6,97.6,0,21.5636
476,105,veh55,97.5,97.7,97.7,0.2,31.1577
478,106,veh68,97.6,97.7,97.7,0.1,23.5717
480,106,veh68,97.6,97.7,97.8,0.2,27.9374
479,106,veh68,97.6,97.8,97.8,0.2,36.1201
481,106,veh68,97.6,97.9,97.9,0.3,50.1323
482,107,veh97,98.7,98.7,98.7,0,37.2516
483,107,veh97,98.7,98.8,98.8,0.1,41.733
484,107,veh97,98.7,98.9,98.9,0.2,63.8231
485,108,veh93,98.9,98.9,99,0.1,57.276
488,109,veh94,99,99,99.1,0.1,33.3943
486,108,veh93,98.9,99.1,99.2,0.3,30.8487
489,109,veh94,99,99.2,99.3,0.3,47.3524
487,108,veh93,98.9,99.3,99.4,0.5,73.2473
490,109,veh94,99,99.4,99.5,0.5,21.2173
491,110,veh20,99.8,99.8,99.8,0,78.6886
492,110,veh20,99.8,99.9,99.9,0.1,20.9336
493,110,veh20,99.8,99.9,100,0.2,43.3565
494,110,veh20,99.8,100,100.1,0.3,25.2881
495,111,veh79,101,101,101,0,32.0979
496,111,veh79,101,101.1,101.1,0.1,47.0536
497,111,veh79,101,101.1,101.2,0.2,44.751
498,111,veh79,101,101.3,101.3,0.3,77.9038
499,111,veh79,101,101.4,101.4,0.4,43.4861
500,112,veh41,103.2,103.2,103.2,0,61.6584
501,112,veh41,103.2,103.3,103.3,0.1,57.0653
502,112,veh41,103.2,103.4,103.4,0.2,79.891
503,113,veh45,104.8,104.8,104.8,0,52.9229
504,113,veh45,104.8,104.9,104.9,0.1,41.0445
505,113,veh45,104.8,104.9,105,0.2,45.2895
506,113,veh45,104.8,105.1,105.1,0.3,25.5052
507,113,veh45,104.8,105.2,105.2,0.4,43.4264
508,114,veh76,107,107,107,0,51.7322
509,114,veh76,107,107.1,107.1,0.1,37.8892
511,115,veh87,107.1,107.1,107.2,0.1,64.2684
510,114,veh76,107,107.2,107.3,0.3,68.8444
512,115,veh87,107.1,107.3,107.4,0.3,48.8891
514,116,veh67,107.4,107.4,107.5,0.1,35.6618
513,115,veh87,107.1,107.5,107.6,0.5,77.3604
515,116,veh67,107.4,107.6,107.7,0.3,62.1188
516,116,veh67,107.4,107.6,107.8,0.4,76.5559
517,116,veh67,107.4,107.9,107.9,0.5,37.4516
518,117,veh68,110.6,110.6,110.6,0,79.9925
519,117,veh68,110.6,110.7,110.7,0.1,49.4054
520,117,veh68,110.6,110.8,110.8,0.2,40.5676
521,117,veh68,110.6,110.9,110.9,0.3,78.1261
522,118,veh107,111.9,111.9,111.9,0,41.6957
523,118,veh107,111.9,112,112,0.1,45.5889
524,118,veh107,111.9,112.1,112.1,0.2,27.7619
525,118,veh107,111.9,112.2,112.2,0.3,21.9719
526,118,veh107,111.9,112.3,112.3,0.4,72.5318
527,118,veh107,111.9,112.4,112.4,0.5,43.8288
528,119,veh43,115.7,115.7,115.7,0,50.1984
529,119,veh43,115.7,115.8,115.8,0.1,73.4183
530,119,veh43,115.7,115.8,115.9,0.2,31.8929
533,119,veh43,115.7,115.8,116,0.3,26.1893
531,119,veh43,115.7,116,116.1,0.4,34.3752
532,119,veh43,115.7,116,116.2,0.5,35.6311
534,120,veh75,117.1,117.1,117.1,0,39.7988
535,120,veh75,117.1,117.2,117.2,0.1,57.7003
536,120,veh75,117.1,117.3,117.3,0.2,44.9054
537,120,veh75,117.1,117.3,117.4,0.3,65.8719
538,120,veh75,117.1,117.5,117.5,0.4,25.8705
539,121,veh86,117.7,117.7,117.7,0,60.3499
540,121,veh86,117.7,117.8,117.8,0.1,49.7519
542,121,veh86,117.7,117.8,117.9,0.2,33.9749
541,121,veh86,117.7,117.9,118,0.3,76.5685
543,121,veh86,117.7,117.9,118.1,0.4,34.2713
545,122,veh61,118.1,118.1,118.1,0,75.8594
544,121,veh86,117.7,118.2,118.2,0.5,71.6125
546,122,veh61,118.1,118.2,118.2,0.1,50.7807
547,122,veh61,118.1,118.3,118.3,0.2,76.2329
549,122,veh61,118.1,118.4,118.4,0.3,20.9711
548,122,veh61,118.1,118.4,118.4,0.3,26.0988
550,123,veh61,119,119,119,0,73.2273
551,123,veh61,119,119.1,119.1,0.1,26.5621
553,123,veh61,119,119.2,119.2,0.2,49.5125
552,123,veh61,119,119.2,119.2,0.2,27.9567
555,123,veh61,119,119.3,119.3,0.3,65.3702
554,123,veh61,119,119.3,119.3,0.3,30.3514
556,124,veh112,120.4,120.4,120.4,0,20.365
557,124,veh112,120.4,120.5,120.5,0.1,64.414
558,124,veh112,120.4,120.6,120.6,0.2,33.4631
559,124,veh112,120.4,120.7,120.7,0.3,60.04
560,124,veh112,120.4,120.7,120.8,0.4,34.311
561,125,veh120,121.5,121.5,121.5,0,33.9485
562,125,veh120,121.5,121.6,121.6,0.1,37.9926
563,125,veh120,121.5,121.7,121.7,0.2,25.2938
565,125,veh120,121.5,121.7,121.8,0.3,66.6242
564,125,veh120,121.5,121.8,121.9,0.4,22.3747
566,126,veh116,122.2,122.2,122.2,0,57.7119
567,126,veh116,122.2,122.3,122.3,0.1,34.2557
568,126,veh116,122.2,122.3,122.4,0.2,20.0669
569,126,veh116,122.2,122.5,122.5,0.3,43.4691
570,126,veh116,122.2,122.5,122.6,0.4,71.1186
572,127,veh100,122.7,122.7,122.7,0,32.6177
571,126,veh116,122.2,122.7,122.7,0.5,22.8161
573,127,veh100,122.7,122.8,122.8,0.1,62.5754
576,128,veh84,122.8,122.8,122.8,0,60.4012
574,127,veh100,122.7,122.9,122.9,0.2,39.2932
577,128,veh84,122.8,122.9,122.9,0.1,63.5753
575,127,veh100,122.7,122.9,123,0.3,50.6179
578,128,veh84,122.8,122.9,123,0.2,54.2793
579,129,veh106,123.1,123.1,123.1,0,39.1814
580,129,veh106,123.1,123.2,123.2,0.1,61.7091
581,129,veh106,123.1,123.3,123.3,0.2,65.8973
582,130,veh34,123.2,123.2,123.3,0.1,35.9976
583,130,veh34,123.2,123.4,123.4,0.2,28.9321
584,130,veh34,123.2,123.5,123.5,0.3,58.3369
585,131,veh90,124.5,124.5,124.5,0,49.8469
586,131,veh90,124.5,124.6,124.6,0.1,79.7346
587,131,veh90,124.5,124.6,124.7,0.2,40.6655
588,131,veh90,124.5,124.8,124.8,0.3,74.4134
589,132,veh107,125.4,125.4,125.4,0,74.5061
590,132,veh107,125.4,125.5,125.5,0.1,30.9869
591,132,veh107,125.4,125.5,125.6,0.2,60.0085
592,132,veh107,125.4,125.7,125.7,0.3,66.6996
593,133,veh93,125.7,125.7,125.7,0,20.1579
594,133,veh93,125.7,125.8,125.8,0.1,49.4934
595,133,veh93,125.7,125.9,125.9,0.2,64.5532
596,133,veh93,125.7,126,126,0.3,35.966
597,133,veh93,125.7,126.1,126.1,0.4,59.9738
598,134,veh106,127,127,127,0,70.3367
599,134,veh106,127,127.1,127.1,0.1,26.3252
600,134,veh106,127,127.1,127.2,0.2,51.8391
601,134,veh106,127,127.2,127.3,0.3,46.8012
602,135,veh77,130.5,130.5,130.5,0,23.1636
603,135,veh77,130.5,130.6,130.6,0.1,33.5088
604,135,veh77,130.5,130.7,130.7,0.2,53.8766
605,136,veh129,130.8,130.8,130.8,0,65.9735
606,136,veh129,130.8,130.9,130.9,0.1,46.2765
607,136,veh129,130.8,130.9,131,0.2,65.0328
608,137,veh64,130.9,130.9,131.1,0.2,28.4582
611,138,veh35,131.2,131.2,131.2,0,39.1074
609,137,veh64,130.9,131.2,131.2,0.3,53.658
612,138,veh35,131.2,131.3,131.3,0.1,68.5138
610,137,veh64,130.9,131.3,131.3,0.4,27.7239
613,138,veh35,131.2,131.3,131.4,0.2,79.9953
615,138,veh35,131.2,131.4,131.5,0.3,66.6969
614,138,veh35,131.2,131.5,131.6,0.4,26.5734
617,139,veh36,131.6,131.6,131.6,0,42.1585
616,138,veh35,131.2,131.7,131.7,0.5,39.179
618,139,veh36,131.6,131.7,131.7,0.1,30.6202
619,139,veh36,131.6,131.8,131.8,0.2,60.4922
620,140,veh69,131.9,131.9,131.9,0,41.1645
621,140,veh69,131.9,132,132,0.1,59.5798
622,140,veh69,131.9,132,132.1,0.2,47.5995
623,140,veh69,131.9,132.2,132.2,0.3,55.7241
624,141,veh118,133.1,133.1,133.1,0,47.7597
625,141,veh118,133.1,133.2,133.2,0.1,23.4119
626,141,veh118,133.1,133.3,133.3,0.2,25.3261
627,141,veh118,133.1,133.4,133.4,0.3,77.5145
628,142,veh106,134,134,134,0,59.5826
629,142,veh106,134,134.1,134.1,0.1,72.7539
630,142,veh106,134,134.2,134.2,0.2,70.1516
631,142,veh106,134,134.2,134.3,0.3,39.6898
632,143,veh123,136.1,136.1,136.1,0,28.4797
633,143,veh123,136.1,136.2,136.2,0.1,47.2904
634,143,veh123,136.1,136.2,136.3,0.2,39.7984
635,144,veh93,138.8,138.8,138.8,0,53.6892
636,144,veh93,138.8,138.9,138.9,0.1,69.0905
637,144,veh93,138.8,139,139,0.2,46.7981
639,144,veh93,138.8,139,139.1,0.3,35.5197
638,144,veh93,138.8,139.1,139.2,0.4,64.2359
640,144,veh93,138.8,139.2,139.3,0.5,44.0641
641,145,veh63,139.8,139.8,139.8,0,79.1994
642,145,veh63,139.8,139.9,139.9,0.1,67.4284
643,145,veh63,139.8,140,140,0.2,67.5388
644,145,veh63,139.8,140.1,140.1,0.3,53.2935
645,146,veh123,140.3,140.3,140.3,0,60.1742
650,147,veh56,140.4,140.4,140.4,0,68.8116
646,146,veh123,140.3,140.4,140.4,0.1,20.1887
651,147,veh56,140.4,140.5,140.5,0.1,46.7465
647,146,veh123,140.3,140.5,140.5,0.2,31.8295
654,147,veh56,140.4,140.5,140.6,0.2,39.2086
649,146,veh123,140.3,140.5,140.6,0.3,37.2522
652,147,veh56,140.4,140.6,140.7,0.3,52.369
648,146,veh123,140.3,140.6,140.7,0.4,23.2478
653,147,veh56,140.4,140.8,140.8,0.4,57.2564
655,148,veh92,141.8,141.8,141.8,0,60.414
656,148,veh92,141.8,141.9,141.9,0.1,69.8422
657,148,veh92,141.8,142,142,0.2,29.3361
658,149,veh89,143.7,143.7,143.7,0,22.235
659,149,veh89,143.7,143.8,143.8,0.1,21.3367
660,149,veh89,143.7,143.9,143.9,0.2,75.8521
661,149,veh89,143.7,143.9,144,0.3,53.9104
662,149,veh89,143.7,144.1,144.1,0.4,25.7466
663,150,veh139,144.2,144.2,144.2,0,22.8515
666,151,veh81,144.3,144.3,144.3,0,42.8713
664,150,veh139,144.2,144.3,144.3,0.1,41.8309
667,151,veh81,144.3,144.4,144.4,0.1,48.2912
665,150,veh139,144.2,144.4,144.4,0.2,75.7248
668,151,veh81,144.3,144.5,144.5,0.2,79.4439
669,151,veh81,144.3,144.6,144.6,0.3,32.6324
670,152,veh113,145.1,145.1,145.1,0,32.2618
671,152,veh113,145.1,145.2,145.2,0.1,49.6113
673,152,veh113,145.1,145.2,145.3,0.2,69.0654
672,152,veh113,145.1,145.3,145.4,0.3,32.8406
674,152,veh113,145.1,145.4,145.5,0.4,28.924
675,153,veh119,145.7,145.7,145.7,0,71.1792
678,153,veh119,145.7,145.8,145.8,0.1,76.1027
676,153,veh119,145.7,145.8,145.8,0.1,37.0658
677,153,veh119,145.7,145.9,145.9,0.2,30.0693
679,154,veh72,148.5,148.5,148.5,0,76.0721
680,154,veh72,148.5,148.6,148.6,0.1,52.7152
681,154,veh72,148.5,148.7,148.7,0.2,74.4665
683,155,veh132,148.8,148.8,148.8,0,61.4674
682,154,veh72,148.5,148.8,148.8,0.3,73.0459
684,155,veh132,148.8,148.9,148.9,0.1,66.7093
688,155,veh132,148.8,148.9,149,0.2,21.9885
685,155,veh132,148.8,149,149.1,0.3,62.9449
686,155,veh132,148.8,149.2,149.2,0.4,26.5477
687,155,veh132,148.8,149.3,149.3,0.5,59.3234
689,156,veh91,149.6,149.6,149.6,0,38.534
690,156,veh91,149.6,149.7,149.7,0.1,62.8022
691,156,veh91,149.6,149.8,149.8,0.2,28.008
692,157,veh112,150,150,150,0,68.3229
693,157,veh112,150,150.1,150.1,0.1,55.542
698,158,veh81,150.2,150.2,150.2,0,20.2872
696,157,veh112,150,150.1,150.2,0.2,67.408
699,158,veh81,150.2,150.3,150.3,0.1,31.0015
694,157,veh112,150,150.2,150.3,0.3,48.7372
700,158,veh81,150.2,150.3,150.4,0.2,53.3354
697,157,veh112,150,150.3,150.4,0.4,36.7688
701,158,veh81,150.2,150.5,150.5,0.3,22.301
695,157,veh112,150,150.4,150.5,0.5,22.7908
702,159,veh148,150.9,150.9,150.9,0,73.3699
703,159,veh148,150.9,151,151,0.1,23.6939
704,159,veh148,150.9,151.1,151.1,0.2,49.5632
705,159,veh148,150.9,151.2,151.2,0.3,20.574
706,159,veh148,150.9,151.3,151.3,0.4,52.425
707,160,veh128,151.8,151.8,151.8,0,44.3456
708,160,veh128,151.8,151.9,151.9,0.1,22.6219
711,160,veh128,151.8,151.9,152,0.2,71.0302
709,160,veh128,151.8,152,152.1,0.3,24.5629
710,160,veh128,151.8,152.2,152.2,0.4,73.2553
712,160,veh128,151.8,152.2,152.3,0.5,68.6099
713,161,veh98,152.4,152.4,152.4,0,68.7312
714,161,veh98,152.4,152.5,152.5,0.1,34.8278
715,161,veh98,152.4,152.5,152.5,0.1,45.1913
716,161,veh98,152.4,152.5,152.6,0.2,34.8349
717,162,veh139,153.2,153.2,153.2,0,31.547
720,163,veh55,153.3,153.3,153.3,0,22.2576
718,162,veh139,153.2,153.3,153.3,0.1,24.0318
721,163,veh55,153.3,153.4,153.4,0.1,60.3534
719,162,veh139,153.2,153.4,153.4,0.2,74.7412
722,163,veh55,153.3,153.5,153.5,0.2,37.3649
723,163,veh55,153.3,153.6,153.6,0.3,42.6105
724,164,veh109,154.8,154.8,154.8,0,47.2736
725,164,veh109,154.8,154.9,154.9,0.1,52.9173
727,164,veh109,154.8,154.9,155,0.2,33.9475
726,164,veh109,154.8,155,155.1,0.3,65.7343
728,165,veh131,155.2,155.2,155.2,0,32.4266
729,165,veh131,155.2,155.3,155.3,0.1,52.2793
730,165,veh131,155.2,155.4,155.4,0.2,51.8895
731,165,veh131,155.2,155.4,155.5,0.3,60.7359
732,166,veh122,155.8,155.8,155.8,0,57.8103
733,166,veh122,155.8,155.9,155.9,0.1,41.4353
735,167,veh82,155.9,155.9,155.9,0,61.045
734,166,veh122,155.8,156,156,0.2,33.8741
736,167,veh82,155.9,156,156,0.1,77.3437
737,167,veh82,155.9,156,156.1,0.2,77.0943
738,167,veh82,155.9,156.1,156.2,0.3,58.7266
739,167,veh82,155.9,156.3,156.3,0.4,50.6003
740,167,veh82,155.9,156.3,156.4,0.5,78.0636
741,168,veh81,156.8,156.8,156.8,0,49.5156
742,168,veh81,156.8,156.9,156.9,0.1,47.7485
743,168,veh81,156.8,157,157,0.2,78.861
744,168,veh81,156.8,157.1,157.1,0.3,34.3428
745,169,veh131,157.7,157.7,157.7,0,53.8258
747,169,veh131,157.7,157.8,157.8,0.1,29.4732
746,169,veh131,157.7,157.8,157.8,0.1,39.3712
749,169,veh131,157.7,157.9,157.9,0.2,25.8503
748,169,veh131,157.7,157.9,157.9,0.2,63.4012
750,170,veh144,158.6,158.6,158.6,0,41.1826
751,170,veh144,158.6,158.7,158.7,0.1,73.322
753,170,veh144,158.6,158.7,158.8,0.2,62.0536
752,170,veh144,158.6,158.8,158.9,0.3,40.7687
754,171,veh113,160.2,160.2,160.2,0,24.441
759,172,veh146,160.3,160.3,160.3,0,36.6667
755,171,veh113,160.2,160.3,160.3,0.1,44.3464
760,172,veh146,160.3,160.4,160.4,0.1,69.8001
756,171,veh113,160.2,160.4,160.4,0.2,73.711
761,172,veh146,160.3,160.4,160.5,0.2,44.0634
757,171,veh113,160.2,160.5,160.5,0.3,63.9281
758,171,veh113,160.2,160.5,160.6,0.4,75.3392
763,173,veh159,160.5,160.5,160.6,0.1,29.5745
762,172,veh146,160.3,160.6,160.7,0.4,58.3438
764,173,veh159,160.5,160.7,160.7,0.2,49.4888
765,173,veh159,160.5,160.7,160.8,0.3,53.3259
766,173,veh159,160.5,160.9,160.9,0.4,67.4519
767,173,veh159,160.5,160.9,161,0.5,24.6668
768,174,veh151,163.8,163.8,163.8,0,25.5689
769,174,veh151,163.8,163.9,163.9,0.1,58.4301
770,174,veh151,163.8,164,164,0.2,79.1845
771,174,veh151,163.8,164,164.1,0.3,63.0357
772,175,veh102,164.1,164.1,164.1,0,49.8342
773,175,veh102,164.1,164.2,164.2,0.1,59.1851
774,175,veh102,164.1,164.2,164.3,0.2,29.952
775,175,veh102,164.1,164.3,164.4,0.3,51.1704
776,176,veh123,164.4,164.4,164.5,0.1,53.7824
777,176,veh123,164.4,164.6,164.6,0.2,79.0931
778,176,veh123,164.4,164.7,164.7,0.3,30.1452
781,177,veh118,164.8,164.8,164.8,0,21.3196
779,176,veh123,164.4,164.7,164.8,0.4,68.2699
782,177,veh118,164.8,164.9,164.9,0.1,20.6308
780,176,veh123,164.4,164.8,164.9,0.5,65.2669
783,177,veh118,164.8,165,165,0.2,54.4736
784,177,veh118,164.8,165,165.1,0.3,29.5172
785,177,veh118,164.8,165.1,165.2,0.4,43.1484
786,178,veh154,165.5,165.5,165.5,0,73.1989
787,178,veh154,165.5,165.6,165.6,0.1,57.2714
788,178,veh154,165.5,165.7,165.7,0.2,41.5213
789,178,veh154,165.5,165.8,165.8,0.3,54.1065
790,179,veh164,167.6,167.6,167.6,0,38.4342
791,179,veh164,167.6,167.7,167.7,0.1,45.1519
792,179,veh164,167.6,167.8,167.8,0.2,63.255
793,180,veh113,168.2,168.2,168.2,0,60.113
796,180,veh113,168.2,168.3,168.3,0.1,74.2968
794,180,veh113,168.2,168.3,168.3,0.1,31.7823
795,180,veh113,168.2,168.4,168.4,0.2,61.2024
797,180,veh113,168.2,168.5,168.5,0.3,24.1708
798,181,veh117,169.1,169.1,169.1,0,38.9614
799,181,veh117,169.1,169.2,169.2,0.1,48.5434
800,181,veh117,169.1,169.3,169.3,0.2,20.7146
801,182,veh114,169.5,169.5,169.5,0,30.7198
802,182,veh114,169.5,169.6,169.6,0.1,32.7091
803,182,veh114,169.5,169.7,169.7,0.2,74.1175
804,182,veh114,169.5,169.8,169.8,0.3,63.2842
805,182,veh114,169.5,169.8,169.9,0.4,68.7889
806,182,veh114,169.5,169.8,170,0.5,74.5253
807,183,veh139,170.2,170.2,170.2,0,62.2771
808,183,veh139,170.2,170.3,170.3,0.1,66.9008
809,183,veh139,170.2,170.4,170.4,0.2,36.7746
810,183,veh139,170.2,170.5,170.5,0.3,77.5282
812,183,veh139,170.2,170.5,170.6,0.4,78.1405
811,183,veh139,170.2,170.6,170.7,0.5,54.824
813,184,veh125,171.6,171.6,171.6,0,74.0392
814,184,veh125,171.6,171.7,171.7,0.1,65.8
815,184,veh125,171.6,171.8,171.8,0.2,54.4934
816,185,veh154,172.2,172.2,172.2,0,22.9338
817,185,veh154,172.2,172.3,172.3,0.1,63.3094
818,185,veh154,172.2,172.4,172.4,0.2,21.8356
819,185,veh154,172.2,172.4,172.5,0.3,61.1983
820,186,veh102,172.4,172.4,172.6,0.2,31.8817
821,186,veh102,172.4,172.7,172.7,0.3,59.1543
822,186,veh102,172.4,172.8,172.8,0.4,39.8646
823,186,veh102,172.4,172.9,172.9,0.5,22.4401
824,187,veh133,173,173,173,0,29.1023
825,187,veh133,173,173.1,173.1,0.1,37.7151
827,187,veh133,173,173.1,173.2,0.2,50.4849
826,187,veh133,173,173.2,173.3,0.3,34.6696
828,187,veh133,173,173.2,173.4,0.4,41.953
829,187,veh133,173,173.5,173.5,0.5,31.458
830,188,veh121,173.9,173.9,173.9,0,78.5779
831,188,veh121,173.9,174,174,0.1,49.1639
832,188,veh121,173.9,174.1,174.1,0.2,31.2592
833,188,veh121,173.9,174.2,174.2,0.3,47.2727
834,188,veh121,173.9,174.3,174.3,0.4,25.618
836,189,veh152,174.3,174.3,174.3,0,71.7857
835,188,veh121,173.9,174.4,174.4,0.5,55.039
837,189,veh152,174.3,174.4,174.4,0.1,53.5096
838,189,veh152,174.3,174.5,174.5,0.2,30.2083
839,190,veh81,175.7,175.7,175.7,0,27.5728
840,190,veh81,175.7,175.8,175.8,0.1,58.0102
842,190,veh81,175.7,175.8,175.9,0.2,72.443
841,190,veh81,175.7,175.9,176,0.3,49.8583
843,191,veh172,176.5,176.5,176.5,0,42.8642
844,191,veh172,176.5,176.6,176.6,0.1,62.6328
849,192,veh113,176.7,176.7,176.7,0,30.3353
845,191,veh172,176.5,176.7,176.7,0.2,79.602
850,192,veh113,176.7,176.8,176.8,0.1,46.8203
848,191,veh172,176.5,176.7,176.8,0.3,20.4173
853,193,veh158,176.8,176.8,176.9,0.1,78.8691
846,191,veh172,176.5,176.8,176.9,0.4,48.7845
851,192,veh113,176.7,176.9,177,0.3,30.7616
847,191,veh172,176.5,177,177,0.5,39.1811
854,193,veh158,176.8,177,177.1,0.3,35.4315
852,192,veh113,176.7,177.1,177.1,0.4,47.5892
855,193,veh158,176.8,177.2,177.2,0.4,61.9906
858,194,veh96,177.2,177.2,177.3,0.1,76.3488
856,193,veh158,176.8,177.3,177.4,0.6,55.9194
859,194,veh96,177.2,177.4,177.5,0.3,76.2699
857,193,veh158,176.8,177.5,177.6,0.8,35.6312
860,194,veh96,177.2,177.6,177.7,0.5,43.6002
861,194,veh96,177.2,177.6,177.8,0.6,69.3833
862,194,veh96,177.2,177.6,177.9,0.7,39.9061
863,194,veh96,177.2,178,178,0.8,28.055
864,195,veh136,178,178,178.1,0.1,58.5336
865,195,veh136,178,178.2,178.2,0.2,48.6994
866,195,veh136,178,178.3,178.3,0.3,28.7088
867,195,veh136,178,178.4,178.4,0.4,46.0441
868,196,veh150,179,179,179,0,23.3907
869,196,veh150,179,179.1,179.1,0.1,24.4371
870,196,veh150,179,179.2,179.2,0.2,60.2912
871,197,veh146,180.1,180.1,180.1,0,22.9841
872,197,veh146,180.1,180.2,180.2,0.1,55.8394
875,197,veh146,180.1,180.2,180.2,0.1,21.8292
873,197,veh146,180.1,180.3,180.3,0.2,71.3083
874,197,veh146,180.1,180.3,180.3,0.2,75.9725
876,197,veh146,180.1,180.4,180.4,0.3,45.4192
877,198,veh157,180.5,180.5,180.5,0,62.9827
878,198,veh157,180.5,180.6,180.6,0.1,52.379
879,198,veh157,180.5,180.7,180.7,0.2,44.1508
880,199,veh98,182.1,182.1,182.1,0,33.6049
886,200,veh108,182.2,182.2,182.2,0,68.2971
881,199,veh98,182.1,182.2,182.2,0.1,42.5587
887,200,veh108,182.2,182.3,182.3,0.1,26.4956
882,199,veh98,182.1,182.3,182.3,0.2,42.3044
888,200,veh108,182.2,182.3,182.4,0.2,66.7593
883,199,veh98,182.1,182.4,182.4,0.3,52.9807
889,201,veh157,182.4,182.4,182.5,0.1,27.7137
884,199,veh98,182.1,182.4,182.5,0.4,23.2003
890,201,veh157,182.4,182.6,182.6,0.2,34.8882
885,199,veh98,182.1,182.5,182.6,0.5,24.017
891,201,veh157,182.4,182.7,182.7,0.3,28.4916
893,202,veh135,182.7,182.7,182.7,0,45.2198
892,201,veh157,182.4,182.7,182.8,0.4,28.7518
894,202,veh135,182.7,182.8,182.8,0.1,59.3483
895,202,veh135,182.7,182.9,182.9,0.2,25.9671
896,202,veh135,182.7,182.9,183,0.3,34.6564
897,202,veh135,182.7,183.1,183.1,0.4,65.7275
898,203,veh112,183.2,183.2,183.2,0,40.1598
900,203,veh112,183.2,183.3,183.3,0.1,48.6339
899,203,veh112,183.2,183.3,183.3,0.1,33.7912
902,203,veh112,183.2,183.4,183.4,0.2,20.6152
901,203,veh112,183.2,183.4,183.4,0.2,37.2528
903,204,veh142,183.9,183.9,183.9,0,74.275
904,204,veh142,183.9,184,184,0.1,52.7274
905,204,veh142,183.9,184,184.1,0.2,76.7104
906,204,veh142,183.9,184.2,184.2,0.3,71.9842
907,205,veh126,184.8,184.8,184.8,0,40.63
908,205,veh126,184.8,184.9,184.9,0.1,41.2577
909,205,veh126,184.8,185,185,0.2,65.7745
910,206,veh159,187.1,187.1,187.1,0,43.418
912,206,veh159,187.1,187.2,187.2,0.1,24.7432
911,206,veh159,187.1,187.2,187.2,0.1,73.4732
913,207,veh136,187.4,187.4,187.4,0,33.2549
914,207,veh136,187.4,187.5,187.5,0.1,58.9987
915,207,veh136,187.4,187.6,187.6,0.2,65.7019
916,208,veh115,188.2,188.2,188.2,0,40.622
917,208,veh115,188.2,188.3,188.3,0.1,32.2315
918,208,veh115,188.2,188.4,188.4,0.2,37.3567
919,208,veh115,188.2,188.5,188.5,0.3,37.5187
920,208,veh115,188.2,188.6,188.6,0.4,55.7334
921,208,veh115,188.2,188.7,188.7,0.5,24.6041
922,209,veh141,188.8,188.8,188.8,0,63.1512
923,209,veh141,188.8,188.9,188.9,0.1,77.1676
925,209,veh141,188.8,188.9,189,0.2,36.7539
924,209,veh141,188.8,189,189.1,0.3,48.9672
926,209,veh141,188.8,189.2,189.2,0.4,48.1072
927,209,veh141,188.8,189.2,189.3,0.5,21.5618
928,210,veh81,190.1,190.1,190.1,0,64.0056
929,210,veh81,190.1,190.2,190.2,0.1,65.5598
930,210,veh81,190.1,190.3,190.3,0.2,38.403
931,210,veh81,190.1,190.4,190.4,0.3,68.7662
932,210,veh81,190.1,190.5,190.5,0.4,55.107
933,211,veh178,190.6,190.6,190.6,0,45.6534
934,211,veh178,190.6,190.7,190.7,0.1,53.8206
935,211,veh178,190.6,190.8,190.8,0.2,78.6849
936,211,veh178,190.6,190.9,190.9,0.3,70.6631
937,212,veh111,190.9,190.9,191,0.1,76.8692
938,212,veh111,190.9,191.1,191.1,0.2,51.5136
941,212,veh111,190.9,191.1,191.2,0.3,44.2437
939,212,veh111,190.9,191.2,191.3,0.4,37.2988
940,212,veh111,190.9,191.4,191.4,0.5,64.9672
943,213,veh113,191.4,191.4,191.4,0,44.3208
942,212,veh111,190.9,191.4,191.5,0.6,54.4895
944,213,veh113,191.4,191.5,191.5,0.1,63.5691
945,213,veh113,191.4,191.5,191.6,0.2,33.1464
946,214,veh139,191.5,191.5,191.6,0.1,76.2755
947,214,veh139,191.5,191.7,191.7,0.2,74.3102
951,215,veh138,191.6,191.6,191.7,0.1,52.0504
948,214,veh139,191.5,191.8,191.8,0.3,75.0967
949,214,veh139,191.5,191.9,191.9,0.4,21.1968
952,215,veh138,191.6,191.8,191.9,0.3,28.9786
950,214,veh139,191.5,191.9,192,0.5,40.1555
953,215,veh138,191.6,192,192.1,0.5,24.2676
954,215,veh138,191.6,192.2,192.2,0.6,32.0918
956,215,veh138,191.6,192.2,192.3,0.7,23.4879
955,215,veh138,191.6,192.3,192.4,0.8,78.5245
957,216,veh171,195.7,195.7,195.7,0,76.1963
958,216,veh171,195.7,195.8,195.8,0.1,58.9946
959,216,veh171,195.7,195.9,195.9,0.2,31.1158
960,217,veh163,196.5,196.5,196.5,0,31.9066
961,217,veh163,196.5,196.6,196.6,0.1,67.799
962,217,veh163,196.5,196.6,196.7,0.2,20.0587
963,217,veh163,196.5,196.7,196.8,0.3,78.3992
965,217,veh163,196.5,196.7,196.9,0.4,59.6241
964,217,veh163,196.5,196.8,197,0.5,24.4174
966,218,veh108,196.9,196.9,197.1,0.2,26.2205
971,219,veh155,197.1,197.1,197.2,0.1,29.624
967,218,veh108,196.9,197.2,197.3,0.4,38.9299
968,218,veh108,196.9,197.2,197.4,0.5,38.9018
970,218,veh108,196.9,197.2,197.5,0.6,73.8088
972,219,veh155,197.1,197.3,197.6,0.5,40.8412
969,218,veh108,196.9,197.5,197.7,0.8,21.4847
973,219,veh155,197.1,197.7,197.8,0.7,27.062
974,219,veh155,197.1,197.7,197.9,0.8,20.566
975,220,veh193,199.5,199.5,199.5,0,48.6258
976,220,veh193,199.5,199.6,199.6,0.1,53.9008
977,220,veh193,199.5,199.7,199.7,0.2,39.6299
