time_s,num_vehicles,mean_speed_mps,active_dags,server_100_queue,server_100_latency_ms,server_101_queue,server_101_latency_ms,cum_dispatched,cum_completed
0,1,13.89,0,0,0,0,0,0,0
0.1,1,14.0205,0,0,0,0,0,0,0
0.2,1,14.1862,0,0,0,0,0,0,0
0.3,1,14.3831,0,0,0,0,0,0,0
0.4,1,14.5737,0,0,0,0,0,0,0
0.5,1,14.7102,0,0,0,0,0,0,0
0.6,1,14.6178,0,0,0,0,0,0,0
0.7,1,14.6859,0,0,0,0,0,0,0
0.8,1,14.6254,0,0,0,0,0,0,0
0.9,1,14.6921,0,0,0,0,0,0,0
1,2,13.8689,0,0,0,0,0,0,0
1.1,2,13.8462,0,0,0,0,0,0,0
1.2,2,13.8072,0,0,0,0,0,0,0
1.3,2,13.7743,0,0,0,0,0,0,0
1.4,2,13.8136,0,0,0,0,0,0,0
1.5,2,13.8444,0,0,0,0,0,0,0
1.6,2,13.8078,0,0,0,0,0,0,0
1.7,2,13.8304,0,0,0,0,0,0,0
1.8,2,13.7901,0,0,0,0,0,0,0
1.9,2,13.8165,0,0,0,0,0,0,0
2,3,13.839,0,0,0,0,0,0,0
2.1,3,13.8634,0,0,0,0,0,0,0
2.2,3,13.8252,1,0,20.0637,0,17.3058,1,1
2.3,3,13.8869,2,0,20.1345,2,17.2934,4,2
2.4,3,13.8807,2,0,20.2051,2,17.2813,5,3
2.5,3,13.851,2,0,20.2051,1,17.2813,5,4
2.6,3,13.8309,2,0,20.3461,1,17.2583,6,5
2.7,3,13.8808,2,0,20.4167,1,17.2473,7,6
2.8,3,13.8271,1,0,20.4873,1,17.2367,8,7
2.9,3,13.8954,1,0,20.4873,0,17.2367,8,8
3,4,13.8503,1,0,20.6287,1,17.2164,10,9
3.1,4,13.9184,0,0,20.6287,0,17.2164,10,10
3.2,4,13.9611,0,0,20.6287,0,17.2164,10,10
3.3,4,14.017,0,0,20.6287,0,17.2164,10,10
3.4,4,14.0547,0,0,20.6287,0,17.2164,10,10
3.5,4,14.0966,1,0,7.70939,0,24.9164,11,11
3.6,4,14.1577,1,0,7.68,0,24.9658,12,12
3.7,4,14.1373,0,0,7.6514,0,25.0149,13,13
3.8,4,14.1458,0,0,7.6514,0,25.0149,13,13
3.9,4,14.1519,0,0,7.6514,0,25.0149,13,13
4,5,14.1022,0,0,7.6514,0,25.0149,13,13
4.1,5,14.1503,0,0,7.6514,0,25.0149,13,13
4.2,5,14.1669,0,0,7.6514,0,25.0149,13,13
4.3,5,14.1709,0,0,7.6514,0,25.0149,13,13
4.4,5,14.1666,0,0,7.6514,0,25.0149,13,13
4.5,5,14.1791,0,0,7.6514,0,25.0149,13,13
4.6,5,14.1726,0,0,7.6514,0,25.0149,13,13
4.7,5,14.1433,0,0,7.6514,0,25.0149,13,13
4.8,5,14.206,0,0,7.6514,0,25.0149,13,13
4.9,5,14.2016,0,0,7.6514,0,25.0149,13,13
5,6,13.7515,0,0,7.6514,0,25.0149,13,13
5.1,6,13.7442,1,0,18.1518,0,16.4262,14,14
5.2,6,13.7381,2,0,28.1516,2,15.5768,17,15
5.3,6,13.7325,3,1,7.27971,2,25.8147,20,17
5.4,6,13.7281,3,0,18.2398,2,16.2271,21,19
5.5,6,13.7152,3,0,7.24591,3,25.9158,24,21
5.6,6,13.7027,1,0,7.23006,2,25.9667,25,23
5.7,6,13.7296,1,0,7.23006,1,25.9667,25,24
5.8,6,13.7141,1,0,28.2826,1,15.1607,26,25
5.9,6,13.6959,0,0,28.2826,0,15.1607,26,26
6,7,13.7162,0,0,28.2826,0,15.1607,26,26
6.1,7,13.7634,0,0,28.2826,0,15.1607,26,26
6.2,7,13.8315,0,0,28.2826,0,15.1607,26,26
6.3,7,13.8053,0,0,28.2826,0,15.1607,26,26
6.4,7,13.8233,0,0,28.2826,0,15.1607,26,26
6.5,7,13.8144,0,0,28.2826,0,15.1607,26,26
6.6,7,13.8207,0,0,28.2826,0,15.1607,26,26
6.7,7,13.8274,0,0,28.2826,0,15.1607,26,26
6.8,7,13.8214,0,0,28.2826,0,15.1607,26,26
6.9,7,13.8359,0,0,28.2826,0,15.1607,26,26
7,8,13.6367,1,0,28.565,0,14.337,27,27
7.1,8,13.5994,1,0,28.5897,2,14.2691,30,28
7.2,8,13.646,1,0,28.6147,2,14.2009,31,29
7.3,8,13.6312,1,0,28.6147,1,14.2009,31,30
7.4,8,13.637,1,0,18.8834,1,14.9139,32,31
7.5,8,13.6276,1,0,18.8834,0,14.9139,32,32
7.6,8,13.6434,1,0,18.9532,1,14.7835,34,33
7.7,8,13.6272,1,0,18.9883,3,14.7186,37,34
7.8,8,13.6119,1,0,18.9883,2,14.7186,37,35
7.9,8,13.6259,1,0,18.9883,1,14.7186,37,36
8,9,13.3645,1,0,29.0121,1,13.1877,38,37
8.1,9,13.4216,1,0,29.0121,0,13.1877,38,38
8.2,9,13.4161,1,0,28.9604,0,13.3124,39,39
8.3,9,13.472,1,0,28.9348,1,13.375,41,40
8.4,9,13.4794,1,0,28.9093,1,13.4378,42,41
8.5,9,13.5003,0,0,28.9093,0,13.4378,42,42
8.6,9,13.5216,0,0,28.9093,0,13.4378,42,42
8.7,9,13.5598,0,0,28.9093,0,13.4378,42,42
8.8,9,13.5462,0,0,28.9093,0,13.4378,42,42
8.9,9,13.5563,0,0,28.9093,0,13.4378,42,42
9,10,13.3873,1,0,7.96869,0,31.6982,43,43
9.1,10,13.391,1,0,7.92986,0,31.734,44,44
9.2,10,13.3966,1,2,7.89132,0,31.77,47,45
9.3,10,13.3563,1,2,7.85352,0,31.8059,48,46
9.4,10,13.3717,1,1,7.85352,0,31.8059,48,47
9.5,10,13.3563,0,0,7.85352,0,31.8059,48,48
9.6,10,13.3798,0,0,7.85352,0,31.8059,48,48
9.7,10,13.3782,0,0,7.85352,0,31.8059,48,48
9.8,10,13.3825,0,0,7.85352,0,31.8059,48,48
9.9,10,13.3697,0,0,7.85352,0,31.8059,48,48
10,10,13.3911,0,0,7.85352,0,31.8059,48,48
10.1,10,13.3982,1,0,26.2456,0,27.0459,49,49
10.2,10,13.3816,0,0,26.1876,0,27.0371,51,51
10.3,10,13.3622,0,0,26.1876,0,27.0371,51,51
10.4,10,13.3207,0,0,26.1876,0,27.0371,51,51
10.5,10,13.2918,0,0,26.1876,0,27.0371,51,51
10.6,10,13.2309,0,0,26.1876,0,27.0371,51,51
10.7,11,13.071,0,0,26.1876,0,27.0371,51,51
10.8,11,13.0319,0,0,26.1876,0,27.0371,51,51
10.9,11,13.012,0,0,26.1876,0,27.0371,51,51
11,12,13.032,0,0,26.1876,0,27.0371,51,51
11.1,12,13.0368,0,0,26.1876,0,27.0371,51,51
11.2,12,12.9946,0,0,26.1876,0,27.0371,51,51
11.3,12,12.9536,0,0,26.1876,0,27.0371,51,51
11.4,12,12.9213,0,0,26.1876,0,27.0371,51,51
11.5,12,12.8882,0,0,26.1876,0,27.0371,51,51
11.6,12,12.8321,0,0,26.1876,0,27.0371,51,51
11.7,12,12.7833,0,0,26.1876,0,27.0371,51,51
11.8,12,12.7551,0,0,26.1876,0,27.0371,51,51
11.9,12,12.7336,0,0,26.1876,0,27.0371,51,51
12,13,12.7833,0,0,26.1876,0,27.0371,51,51
12.1,13,12.7497,0,0,26.1876,0,27.0371,51,51
12.2,13,12.7348,0,0,26.1876,0,27.0371,51,51
12.3,13,12.7766,0,0,26.1876,0,27.0371,51,51
12.4,13,12.7884,0,0,26.1876,0,27.0371,51,51
12.5,13,12.7409,0,0,26.1876,0,27.0371,51,51
12.6,13,12.7289,0,0,26.1876,0,27.0371,51,51
12.7,13,12.6977,0,0,26.1876,0,27.0371,51,51
12.8,13,12.6406,0,0,26.1876,0,27.0371,51,51
12.9,13,12.6237,0,0,26.1876,0,27.0371,51,51
13,14,12.6691,0,0,26.1876,0,27.0371,51,51
13.1,14,12.6668,0,0,26.1876,0,27.0371,51,51
13.2,14,12.6668,0,0,26.1876,0,27.0371,51,51
13.3,14,12.6154,0,0,26.1876,0,27.0371,51,51
13.4,14,12.5657,0,0,26.1876,0,27.0371,51,51
13.5,14,12.4984,0,0,26.1876,0,27.0371,51,51
13.6,14,12.4009,0,0,26.1876,0,27.0371,51,51
13.7,14,12.3137,0,0,26.1876,0,27.0371,51,51
13.8,14,12.2322,0,0,26.1876,0,27.0371,51,51
13.9,14,12.1535,0,0,26.1876,0,27.0371,51,51
14,14,12.0431,0,0,26.1876,0,27.0371,51,51
14.1,14,11.9512,0,0,26.1876,0,27.0371,51,51
14.2,14,11.8526,1,0,30.7506,0,9.81853,52,52
14.3,14,11.7853,1,0,30.7769,0,9.77784,53,53
14.4,14,11.6799,1,0,30.8021,1,9.73902,55,54
14.5,14,11.5846,0,0,30.8021,0,9.73902,55,55
14.6,14,11.5684,0,0,30.8021,0,9.73902,55,55
14.7,14,11.5234,0,0,30.8021,0,9.73902,55,55
14.8,14,11.3904,0,0,30.8021,0,9.73902,55,55
14.9,14,11.2731,0,0,30.8021,0,9.73902,55,55
15,15,11.187,0,0,30.8021,0,9.73902,55,55
15.1,15,11.1579,0,0,30.8021,0,9.73902,55,55
15.2,15,11.1174,1,0,27.6442,0,17.437,56,56
15.3,15,11.0517,2,0,12.1038,0,20.7694,58,58
15.4,15,11.053,2,0,12.1657,0,20.7272,60,60
15.5,15,11.0746,2,1,12.2281,0,20.6851,63,62
15.6,15,11.0932,1,1,12.2903,0,20.6434,65,64
15.7,15,11.1051,1,0,12.2903,0,20.6434,65,65
15.8,15,11.1129,0,0,12.415,0,20.5604,66,66
15.9,15,11.1359,0,0,12.415,0,20.5604,66,66
16,16,11.2126,0,0,12.415,0,20.5604,66,66
16.1,16,11.2244,0,0,12.415,0,20.5604,66,66
16.2,16,11.2075,0,0,12.415,0,20.5604,66,66
16.3,16,11.2378,0,0,12.415,0,20.5604,66,66
16.4,16,11.2135,0,0,12.415,0,20.5604,66,66
16.5,16,11.2011,0,0,12.415,0,20.5604,66,66
16.6,16,11.2464,0,0,12.415,0,20.5604,66,66
16.7,16,11.2703,0,0,12.415,0,20.5604,66,66
16.8,16,11.3274,0,0,12.415,0,20.5604,66,66
16.9,16,11.3837,0,0,12.415,0,20.5604,66,66
17,17,11.5317,0,0,12.415,0,20.5604,66,66
17.1,17,11.4985,0,0,12.415,0,20.5604,66,66
17.2,17,11.4932,0,0,12.415,0,20.5604,66,66
17.3,17,11.5097,1,0,7.54178,0,35.6842,67,67
17.4,17,11.5259,1,1,7.57152,0,35.7233,69,68
17.5,18,11.4433,0,0,7.57152,0,35.7233,69,69
17.6,18,11.4717,0,0,7.57152,0,35.7233,69,69
17.7,18,11.4939,0,0,7.57152,0,35.7233,69,69
17.8,18,11.509,0,0,7.57152,0,35.7233,69,69
17.9,18,11.5348,0,0,7.57152,0,35.7233,69,69
18,19,11.6436,0,0,7.57152,0,35.7233,69,69
18.1,19,11.6662,0,0,7.57152,0,35.7233,69,69
18.2,19,11.7018,0,0,7.57152,0,35.7233,69,69
18.3,19,11.7136,0,0,7.57152,0,35.7233,69,69
18.4,19,11.7284,0,0,7.57152,0,35.7233,69,69
18.5,19,11.7599,0,0,7.57152,0,35.7233,69,69
18.6,19,11.8047,0,0,7.57152,0,35.7233,69,69
18.7,19,11.8438,0,0,7.57152,0,35.7233,69,69
18.8,19,11.8772,1,0,24.5104,0,26.8408,70,70
18.9,19,11.9136,1,0,24.4481,0,26.8357,71,71
19,20,12.0877,0,0,24.3853,0,26.8308,72,72
19.1,20,12.1504,0,0,24.3853,0,26.8308,72,72
19.2,20,12.2347,0,0,24.3853,0,26.8308,72,72
19.3,20,12.3146,1,0,25.7433,0,17.2579,73,73
19.4,20,12.3772,1,0,25.6795,0,17.2444,74,74
19.5,20,12.4272,1,0,25.6147,0,17.2309,75,75
19.6,20,12.4781,0,0,25.5491,0,17.2176,76,76
19.7,20,12.5152,0,0,25.5491,0,17.2176,76,76
19.8,20,12.5496,0,0,25.5491,0,17.2176,76,76
19.9,20,12.5613,0,0,25.5491,0,17.2176,76,76
20,21,12.6144,0,0,25.5491,0,17.2176,76,76
20.1,21,12.6002,0,0,25.5491,0,17.2176,76,76
20.2,21,12.5704,0,0,25.5491,0,17.2176,76,76
20.3,21,12.545,0,0,25.5491,0,17.2176,76,76
20.4,21,12.5091,0,0,25.5491,0,17.2176,76,76
20.5,21,12.4666,0,0,25.5491,0,17.2176,76,76
20.6,21,12.4401,0,0,25.5491,0,17.2176,76,76
20.7,21,12.3839,1,0,26.9313,0,19.7332,77,77
20.8,21,12.3403,1,0,26.9221,0,19.8102,78,78
20.9,21,12.3094,1,0,26.9131,1,19.8872,80,79
21,22,11.9669,1,0,26.9044,1,19.9642,81,80
21.1,22,11.951,1,0,26.8959,1,20.0416,82,81
21.2,22,11.9327,0,0,26.8959,0,20.0416,82,82
21.3,22,11.9671,0,0,26.8959,0,20.0416,82,82
21.4,22,11.9911,0,0,26.8959,0,20.0416,82,82
21.5,22,12.0293,1,0,7.38685,0,29.1937,83,83
21.6,22,12.0614,1,1,7.35712,0,29.1406,85,84
21.7,22,12.1192,1,1,7.32783,0,29.0873,86,85
21.8,22,12.1398,1,2,7.29887,0,29.0334,88,86
21.9,22,12.1402,1,1,7.29887,0,29.0334,88,87
22,23,12.2075,0,0,7.29887,0,29.0334,88,88
22.1,23,12.2147,0,0,7.29887,0,29.0334,88,88
22.2,23,12.227,0,0,7.29887,0,29.0334,88,88
22.3,23,12.2193,0,0,7.29887,0,29.0334,88,88
22.4,23,12.2435,0,0,7.29887,0,29.0334,88,88
22.5,23,12.2555,0,0,7.29887,0,29.0334,88,88
22.6,23,12.2643,0,0,7.29887,0,29.0334,88,88
22.7,23,12.2677,0,0,7.29887,0,29.0334,88,88
22.8,23,12.2903,0,0,7.29887,0,29.0334,88,88
22.9,23,12.2948,0,0,7.29887,0,29.0334,88,88
23,24,12.3025,0,0,7.29887,0,29.0334,88,88
23.1,24,12.3033,1,0,6.98627,0,28.3413,89,89
23.2,24,12.3185,1,0,6.96729,0,28.2883,90,90
23.3,24,12.3239,1,1,6.94918,0,28.2356,92,91
23.4,24,12.3165,1,1,6.93185,0,28.1829,93,92
23.5,24,12.2878,1,0,6.93185,0,28.1829,93,93
23.6,24,12.3238,0,0,6.89951,0,28.0776,94,94
23.7,24,12.3055,0,0,6.89951,0,28.0776,94,94
23.8,24,12.2902,0,0,6.89951,0,28.0776,94,94
23.9,24,12.2485,0,0,6.89951,0,28.0776,94,94
24,25,12.1844,0,0,6.89951,0,28.0776,94,94
24.1,25,12.1402,0,0,6.89951,0,28.0776,94,94
24.2,25,12.112,0,0,6.89951,0,28.0776,94,94
24.3,24,11.9183,1,0,17.2962,0,18.0559,95,95
24.4,24,11.8903,1,0,17.3137,0,18.0413,96,96
24.5,24,11.9139,0,0,17.3314,0,18.0266,97,97
24.6,24,11.9185,1,0,17.2724,0,21.5926,98,98
24.7,24,11.9221,1,0,17.2765,0,21.534,99,99
24.8,24,11.9336,1,1,17.2807,0,21.4754,101,100
24.9,24,11.9689,0,0,17.2807,0,21.4754,101,101
25,25,11.9865,0,0,17.2807,0,21.4754,101,101
25.1,25,11.9842,0,0,17.2807,0,21.4754,101,101
25.2,25,12.005,0,0,17.2807,0,21.4754,101,101
25.3,25,12.0235,0,0,17.2807,0,21.4754,101,101
25.4,25,12.0256,0,0,17.2807,0,21.4754,101,101
25.5,25,12.0159,0,0,17.2807,0,21.4754,101,101
25.6,25,12.0283,0,0,17.2807,0,21.4754,101,101
25.7,25,12.0306,0,0,17.2807,0,21.4754,101,101
25.8,25,12.0465,1,0,17.2474,0,27.3667,102,102
25.9,25,12.0785,1,0,17.191,0,27.3797,103,103
26,26,12.1265,1,0,17.1347,0,27.3928,104,104
26.1,26,12.1531,1,1,17.0785,0,27.406,106,105
26.2,26,12.1632,0,0,17.0785,0,27.406,106,106
26.3,26,12.2012,0,0,17.0785,0,27.406,106,106
26.4,26,12.2194,0,0,17.0785,0,27.406,106,106
26.5,26,12.2568,0,0,17.0785,0,27.406,106,106
26.6,26,12.2643,0,0,17.0785,0,27.406,106,106
26.7,26,12.2771,0,0,17.0785,0,27.406,106,106
26.8,26,12.3057,0,0,17.0785,0,27.406,106,106
26.9,26,12.3408,0,0,17.0785,0,27.406,106,106
27,27,12.3531,0,0,17.0785,0,27.406,106,106
27.1,27,12.3559,0,0,17.0785,0,27.406,106,106
27.2,27,12.3606,0,0,17.0785,0,27.406,106,106
27.3,27,12.371,0,0,17.0785,0,27.406,106,106
27.4,27,12.3757,0,0,17.0785,0,27.406,106,106
27.5,27,12.3914,0,0,17.0785,0,27.406,106,106
27.6,27,12.4109,0,0,17.0785,0,27.406,106,106
27.7,27,12.4139,0,0,17.0785,0,27.406,106,106
27.8,27,12.4211,0,0,17.0785,0,27.406,106,106
27.9,27,12.4388,0,0,17.0785,0,27.406,106,106
28,28,12.4835,0,0,17.0785,0,27.406,106,106
28.1,28,12.5131,1,0,26.8786,0,27.4552,107,107
28.2,28,12.5005,2,0,28.298,0,7.15681,109,109
28.3,28,12.5057,1,0,28.3557,0,7.17835,111,111
28.4,28,12.4794,1,0,28.4137,1,7.20083,113,112
28.5,28,12.4667,0,0,28.4137,0,7.20083,113,113
28.6,28,12.4486,0,0,28.4137,0,7.20083,113,113
28.7,28,12.4115,0,0,28.4137,0,7.20083,113,113
28.8,28,12.3973,0,0,28.4137,0,7.20083,113,113
28.9,28,12.3706,0,0,28.4137,0,7.20083,113,113
29,29,12.3412,0,0,28.4137,0,7.20083,113,113
29.1,29,12.2979,0,0,28.4137,0,7.20083,113,113
29.2,29,12.246,0,0,28.4137,0,7.20083,113,113
29.3,29,12.2006,0,0,28.4137,0,7.20083,113,113
29.4,29,12.1325,0,0,28.4137,0,7.20083,113,113
29.5,29,12.0806,0,0,28.4137,0,7.20083,113,113
29.6,29,12.0453,0,0,28.4137,0,7.20083,113,113
29.7,29,11.9769,0,0,28.4137,0,7.20083,113,113
29.8,29,11.9208,1,0,15.7538,0,18.5746,114,114
29.9,29,11.8634,1,0,15.6952,0,18.6022,116,116
30,30,11.8854,1,0,15.6356,0,18.6304,118,118
30.1,30,11.8298,0,0,15.575,0,18.6594,119,119
30.2,30,11.7847,0,0,15.575,0,18.6594,119,119
30.3,30,11.7739,1,0,25.2207,0,27.2205,120,120
30.4,30,11.7557,1,0,25.1441,0,27.2123,121,121
30.5,30,11.7325,1,0,25.0679,0,27.2045,123,123
30.6,30,11.7114,0,0,24.9917,0,27.1968,124,124
30.7,30,11.6888,1,0,27.3649,0,18.9865,125,125
30.8,30,11.673,2,0,15.1274,2,18.8803,129,127
30.9,30,11.6336,2,0,15.0621,1,18.9135,130,129
31,31,11.6569,1,1,14.9966,0,18.9471,132,131
31.1,31,11.6019,1,1,14.9314,0,18.9808,133,132
31.2,31,11.5754,1,0,14.9314,0,18.9808,133,133
31.3,31,11.5387,0,0,14.8008,0,19.0492,134,134
31.4,31,11.4927,0,0,14.8008,0,19.0492,134,134
31.5,31,11.4507,0,0,14.8008,0,19.0492,134,134
31.6,31,11.3932,0,0,14.8008,0,19.0492,134,134
31.7,31,11.3452,1,0,16.9681,0,25.0899,135,135
31.8,31,11.302,1,1,16.9576,0,25.0272,137,136
31.9,31,11.2728,1,2,16.9472,0,24.9643,139,137
32,32,10.89,2,2,6.76228,0,33.7362,140,138
32.1,32,10.8832,2,1,6.76228,0,33.7362,140,139
32.2,32,10.8534,2,1,16.9181,0,24.7768,141,140
32.3,32,10.8378,1,2,6.77074,0,33.6285,143,141
32.4,32,10.8332,1,1,6.77074,0,33.6285,143,142
32.5,32,10.8437,1,1,6.77978,0,33.5574,144,143
32.6,32,10.8571,1,0,6.77978,0,33.5574,144,144
32.7,32,10.9211,1,0,6.79152,0,33.4867,145,145
32.8,32,10.9566,0,0,6.79841,0,33.4513,146,146
32.9,32,10.9926,0,0,6.79841,0,33.4513,146,146
33,33,11.1133,1,0,6.81112,0,34.2727,147,147
33.1,33,11.1517,1,0,6.80216,0,34.2313,148,148
33.2,33,11.2005,0,0,6.794,0,34.1898,149,149
33.3,33,11.2427,0,0,6.794,0,34.1898,149,149
33.4,33,11.2785,0,0,6.794,0,34.1898,149,149
33.5,33,11.3425,0,0,6.794,0,34.1898,149,149
33.6,33,11.3782,0,0,6.794,0,34.1898,149,149
33.7,33,11.4075,0,0,6.794,0,34.1898,149,149
33.8,33,11.4525,0,0,6.794,0,34.1898,149,149
33.9,33,11.468,0,0,6.794,0,34.1898,149,149
34,33,11.4835,0,0,6.794,0,34.1898,149,149
34.1,33,11.5061,0,0,6.794,0,34.1898,149,149
34.2,33,11.5414,0,0,6.794,0,34.1898,149,149
34.3,33,11.5395,0,0,6.794,0,34.1898,149,149
34.4,33,11.5686,0,0,6.794,0,34.1898,149,149
34.5,33,11.5761,0,0,6.794,0,34.1898,149,149
34.6,33,11.5982,0,0,6.794,0,34.1898,149,149
34.7,33,11.6272,0,0,6.794,0,34.1898,149,149
34.8,33,11.6441,0,0,6.794,0,34.1898,149,149
34.9,33,11.6549,0,0,6.794,0,34.1898,149,149
35,34,11.569,0,0,6.794,0,34.1898,149,149
35.1,34,11.5946,0,0,6.794,0,34.1898,149,149
35.2,34,11.6187,0,0,6.794,0,34.1898,149,149
35.3,34,11.6461,0,0,6.794,0,34.1898,149,149
35.4,34,11.6692,0,0,6.794,0,34.1898,149,149
35.5,34,11.7147,0,0,6.794,0,34.1898,149,149
35.6,34,11.7455,0,0,6.794,0,34.1898,149,149
35.7,34,11.7842,0,0,6.794,0,34.1898,149,149
35.8,34,11.8187,0,0,6.794,0,34.1898,149,149
35.9,34,11.832,0,0,6.794,0,34.1898,149,149
36,35,11.9258,0,0,6.794,0,34.1898,149,149
36.1,35,11.9511,0,0,6.794,0,34.1898,149,149
36.2,35,11.9871,0,0,6.794,0,34.1898,149,149
36.3,35,12.0218,0,0,6.794,0,34.1898,149,149
36.4,35,12.0592,1,0,7.1537,0,33.0159,150,150
36.5,35,12.0892,1,0,7.13016,0,33.0642,151,151
36.6,35,12.1234,1,0,7.10787,0,33.1125,152,152
36.7,35,12.1548,0,0,7.08667,0,33.1611,153,153
36.8,35,12.1819,0,0,7.08667,0,33.1611,153,153
36.9,35,12.2207,0,0,7.08667,0,33.1611,153,153
37,37,12.322,0,0,7.08667,0,33.1611,153,153
37.1,37,12.3488,0,0,7.08667,0,33.1611,153,153
37.2,37,12.3787,0,0,7.08667,0,33.1611,153,153
37.3,37,12.4167,0,0,7.08667,0,33.1611,153,153
37.4,37,12.4658,0,0,7.08667,0,33.1611,153,153
37.5,37,12.4881,0,0,7.08667,0,33.1611,153,153
37.6,37,12.5201,0,0,7.08667,0,33.1611,153,153
37.7,37,12.5653,0,0,7.08667,0,33.1611,153,153
37.8,37,12.5916,0,0,7.08667,0,33.1611,153,153
37.9,37,12.6008,0,0,7.08667,0,33.1611,153,153
38,38,12.6379,0,0,7.08667,0,33.1611,153,153
38.1,38,12.6652,0,0,7.08667,0,33.1611,153,153
38.2,38,12.6334,0,0,7.08667,0,33.1611,153,153
38.3,38,12.6134,0,0,7.08667,0,33.1611,153,153
38.4,38,12.5944,0,0,7.08667,0,33.1611,153,153
38.5,38,12.5605,0,0,7.08667,0,33.1611,153,153
38.6,38,12.5353,0,0,7.08667,0,33.1611,153,153
38.7,38,12.487,0,0,7.08667,0,33.1611,153,153
38.8,38,12.432,0,0,7.08667,0,33.1611,153,153
38.9,38,12.3397,1,0,6.94444,0,34.2628,154,154
39,39,12.2591,1,1,6.95316,0,34.3144,156,155
39.1,39,12.1901,2,2,10.1611,0,22.1677,158,156
39.2,39,12.1133,2,2,6.97453,0,34.418,159,157
39.3,39,12.0496,3,2,7.05038,0,32.796,160,158
39.4,39,11.9876,2,2,10.0377,0,22.2783,161,159
39.5,39,11.9301,2,1,10.0377,0,22.2783,161,160
39.6,39,11.8785,2,2,6.98393,0,32.9217,163,161
39.7,39,11.8168,2,2,9.93073,0,22.3758,164,162
39.8,39,11.733,2,2,6.94401,0,33.0063,165,163
39.9,39,11.683,2,1,6.94401,0,33.0063,165,164
40,40,11.697,2,1,9.83991,0,22.4598,166,165
40.1,40,11.6331,1,1,6.89108,0,33.1341,167,166
40.2,40,11.6065,0,0,6.89108,0,33.1341,167,167
40.3,40,11.5823,1,0,9.58321,0,30.4917,168,168
40.4,40,11.5967,1,0,9.53742,0,30.5209,169,169
40.5,40,11.6217,1,0,9.49141,0,30.5505,170,170
40.6,40,11.642,2,2,7.64495,0,35.8178,173,171
40.7,40,11.6412,3,2,26.0074,0,27.3181,175,173
40.8,40,11.6565,4,2,16.9569,2,25.0233,179,175
40.9,40,11.6694,3,3,26.1632,2,27.3404,182,177
41,41,11.7343,3,2,26.1632,1,27.3404,182,179
41.1,41,11.7503,2,2,16.9256,0,24.8268,183,181
41.2,41,11.7599,2,2,7.44953,0,35.5593,184,182
41.3,41,11.7549,2,1,7.44953,0,35.5593,184,183
41.4,41,11.7465,1,1,16.897,0,24.6305,185,184
41.5,41,11.757,0,0,16.897,0,24.6305,185,185
41.6,41,11.7532,0,0,16.897,0,24.6305,185,185
41.7,41,11.749,0,0,16.897,0,24.6305,185,185
41.8,41,11.7384,0,0,16.897,0,24.6305,185,185
41.9,41,11.7337,0,0,16.897,0,24.6305,185,185
42,42,11.768,1,0,9.25718,0,23.0293,186,186
42.1,42,11.7777,1,0,9.22259,0,23.0651,187,187
42.2,42,11.769,0,0,9.18734,0,23.1017,188,188
42.3,42,11.7664,0,0,9.18734,0,23.1017,188,188
42.4,42,11.7635,0,0,9.18734,0,23.1017,188,188
42.5,42,11.7624,0,0,9.18734,0,23.1017,188,188
42.6,42,11.7753,1,0,17.5617,0,17.9285,189,189
42.7,42,11.7872,1,0,17.5191,0,17.951,191,191
42.8,42,11.8047,1,0,17.4765,0,17.9711,193,193
42.9,42,11.8412,0,0,17.4333,0,17.9915,194,194
43,43,11.9171,0,0,17.4333,0,17.9915,194,194
43.1,43,11.9252,0,0,17.4333,0,17.9915,194,194
43.2,43,11.9455,0,0,17.4333,0,17.9915,194,194
43.3,43,11.9508,0,0,17.4333,0,17.9915,194,194
43.4,43,11.9749,0,0,17.4333,0,17.9915,194,194
43.5,43,11.9939,0,0,17.4333,0,17.9915,194,194
43.6,43,12.0257,1,0,6.94598,0,34.6895,195,195
43.7,43,12.0511,1,0,6.96558,0,34.7356,196,196
43.8,43,12.0585,2,1,13.6188,0,19.715,199,198
43.9,43,12.0808,2,1,13.6805,0,19.6781,200,199
44,44,11.8162,2,1,7.0299,0,34.8743,201,200
44.1,44,11.8139,1,1,13.8048,0,19.6046,203,202
44.2,44,11.8149,0,0,13.8048,0,19.6046,203,203
44.3,44,11.8287,0,0,13.8048,0,19.6046,203,203
44.4,44,11.8232,0,0,13.8048,0,19.6046,203,203
44.5,44,11.8254,0,0,13.8048,0,19.6046,203,203
44.6,44,11.8152,0,0,13.8048,0,19.6046,203,203
44.7,44,11.8065,1,0,16.7615,0,22.4727,204,204
44.8,44,11.8066,1,1,16.7626,0,22.4078,207,206
44.9,44,11.7972,1,1,16.764,0,22.3428,208,207
45,45,11.8233,1,0,16.764,0,22.3428,208,208
45.1,45,11.8287,1,1,18.5243,0,27.1097,210,209
45.2,45,11.8204,1,0,18.5243,0,27.1097,210,210
45.3,45,11.8148,1,0,18.4286,0,27.1265,211,211
45.4,45,11.8118,1,0,18.3839,0,27.1345,212,212
45.5,45,11.7917,0,0,18.3414,0,27.1422,213,213
45.6,45,11.7796,0,0,18.3414,0,27.1422,213,213
45.7,45,11.7683,0,0,18.3414,0,27.1422,213,213
45.8,45,11.7323,0,0,18.3414,0,27.1422,213,213
45.9,45,11.7631,0,0,18.3414,0,27.1422,213,213
46,46,11.803,1,0,20.8793,0,16.877,214,214
46.1,46,11.7958,1,0,20.8206,0,16.8848,215,215
46.2,46,11.7897,1,0,20.7622,0,16.8928,216,216
46.3,46,11.7761,1,0,20.7034,2,16.9011,219,217
46.4,46,11.7771,1,0,20.7034,1,16.9011,219,218
46.5,46,11.7584,0,0,20.7034,0,16.9011,219,219
46.6,46,11.7638,0,0,20.7034,0,16.9011,219,219
46.7,46,11.7594,0,0,20.7034,0,16.9011,219,219
46.8,46,11.7551,0,0,20.7034,0,16.9011,219,219
46.9,46,11.7464,1,0,20.3497,0,16.9562,220,220
47,47,11.7398,1,0,20.2901,0,16.9663,221,221
47.1,47,11.7133,1,0,20.2311,0,16.9766,222,222
47.2,47,11.6867,1,0,20.1721,1,16.9872,224,223
47.3,47,11.6647,0,0,20.1721,0,16.9872,224,224
47.4,47,11.6387,0,0,20.1721,0,16.9872,224,224
47.5,47,11.6109,0,0,20.1721,0,16.9872,224,224
47.6,47,11.5947,0,0,20.1721,0,16.9872,224,224
47.7,47,11.56,0,0,20.1721,0,16.9872,224,224
47.8,47,11.5449,0,0,20.1721,0,16.9872,224,224
47.9,47,11.5111,0,0,20.1721,0,16.9872,224,224
48,48,11.4829,0,0,20.1721,0,16.9872,224,224
48.1,48,11.4384,0,0,20.1721,0,16.9872,224,224
48.2,48,11.3867,0,0,20.1721,0,16.9872,224,224
48.3,48,11.3501,0,0,20.1721,0,16.9872,224,224
48.4,48,11.3114,0,0,20.1721,0,16.9872,224,224
48.5,48,11.2868,0,0,20.1721,0,16.9872,224,224
48.6,48,11.2627,0,0,20.1721,0,16.9872,224,224
48.7,48,11.2328,0,0,20.1721,0,16.9872,224,224
48.8,48,11.2271,0,0,20.1721,0,16.9872,224,224
48.9,48,11.2361,0,0,20.1721,0,16.9872,224,224
49,48,11.2029,0,0,20.1721,0,16.9872,224,224
49.1,48,11.2167,1,0,10.5324,0,29.9276,225,225
49.2,48,11.2038,2,0,24.9025,0,27.1882,227,227
49.3,48,11.1991,2,0,24.9717,0,27.1949,229,229
49.4,48,11.1947,1,0,25.0413,0,27.2018,231,231
49.5,48,11.2081,1,1,25.111,0,27.2089,234,233
49.6,48,11.2251,1,0,25.111,0,27.2089,234,234
49.7,48,11.234,2,1,6.77015,0,27.3928,236,235
49.8,48,11.2358,2,0,25.3197,1,27.2314,238,237
49.9,48,11.2614,2,2,6.76405,0,27.3013,241,239
50,48,11.2932,1,1,25.4591,0,27.2474,242,241
50.1,48,11.3274,1,1,6.7607,0,27.2099,243,242
50.2,48,11.3617,1,0,31.0594,0,9.24802,244,244
50.3,48,11.3773,1,0,31.0592,1,9.20911,246,245
50.4,48,11.3885,1,0,31.059,1,9.16936,247,246
50.5,48,11.3976,1,0,31.059,0,9.16936,247,247
50.6,48,11.4195,1,0,31.0587,0,9.08656,248,248
50.7,48,11.4434,0,0,31.0451,0,9.04371,249,249
50.8,48,11.4537,0,0,31.0451,0,9.04371,249,249
50.9,48,11.4672,1,0,7.19464,0,28.398,250,250
51,49,11.5201,1,0,7.21466,0,28.4484,251,251
51.1,49,11.5364,0,0,7.23536,0,28.4989,252,252
51.2,49,11.5396,0,0,7.23536,0,28.4989,252,252
51.3,49,11.5637,0,0,7.23536,0,28.4989,252,252
51.4,49,11.596,0,0,7.23536,0,28.4989,252,252
51.5,49,11.6217,1,0,18.4787,0,17.3952,253,253
51.6,49,11.642,2,0,17.1783,0,25.3474,255,255
51.7,49,11.6374,2,1,17.1905,0,25.4118,258,257
51.8,49,11.6279,2,0,18.3807,0,17.4249,259,259
51.9,49,11.6282,1,0,17.2159,0,25.5409,261,261
52,50,11.6512,0,0,17.2291,0,25.6056,262,262
52.1,50,11.6526,0,0,17.2291,0,25.6056,262,262
52.2,50,11.6626,0,0,17.2291,0,25.6056,262,262
52.3,50,11.6595,0,0,17.2291,0,25.6056,262,262
52.4,50,11.6406,0,0,17.2291,0,25.6056,262,262
52.5,50,11.6224,0,0,17.2291,0,25.6056,262,262
52.6,50,11.5944,0,0,17.2291,0,25.6056,262,262
52.7,50,11.5733,0,0,17.2291,0,25.6056,262,262
52.8,50,11.5368,0,0,17.2291,0,25.6056,262,262
52.9,50,11.5038,0,0,17.2291,0,25.6056,262,262
53,51,11.5443,0,0,17.2291,0,25.6056,262,262
53.1,52,11.5002,0,0,17.2291,0,25.6056,262,262
53.2,52,11.4737,0,0,17.2291,0,25.6056,262,262
53.3,52,11.4559,0,0,17.2291,0,25.6056,262,262
53.4,52,11.4352,0,0,17.2291,0,25.6056,262,262
53.5,52,11.4233,0,0,17.2291,0,25.6056,262,262
53.6,52,11.4008,0,0,17.2291,0,25.6056,262,262
53.7,52,11.3927,0,0,17.2291,0,25.6056,262,262
53.8,52,11.3762,0,0,17.2291,0,25.6056,262,262
53.9,52,11.3717,0,0,17.2291,0,25.6056,262,262
54,53,11.4143,0,0,17.2291,0,25.6056,262,262
54.1,53,11.4247,0,0,17.2291,0,25.6056,262,262
54.2,53,11.4165,1,0,7.29808,0,35.3395,263,263
54.3,53,11.4161,1,1,7.32428,0,35.3791,265,264
54.4,53,11.4235,1,0,7.32428,0,35.3791,265,265
54.5,53,11.421,1,0,7.37857,0,35.4589,266,266
54.6,53,11.4446,1,0,7.40636,0,35.4987,267,267
54.7,53,11.4631,0,0,7.43457,0,35.5385,268,268
54.8,53,11.4794,0,0,7.43457,0,35.5385,268,268
54.9,53,11.4883,0,0,7.43457,0,35.5385,268,268
55,54,11.4963,1,0,11.748,0,21.088,269,269
55.1,54,11.5179,1,1,11.6918,0,21.1269,271,270
55.2,54,11.5269,1,0,20.3499,0,12.7382,272,272
55.3,54,11.5406,2,0,7.38975,0,32.3038,274,274
55.4,54,11.5558,2,1,7.3596,1,32.3413,278,276
55.5,54,11.5658,1,1,7.17068,0,25.5702,279,278
55.6,54,11.5903,1,0,7.17068,0,25.5702,279,279
55.7,54,11.6137,1,0,7.21732,0,25.4814,280,280
55.8,54,11.6462,1,0,7.24141,0,25.4372,281,281
55.9,54,11.6594,0,0,7.26621,0,25.3927,282,282
56,55,11.7012,0,0,7.26621,0,25.3927,282,282
56.1,55,11.7249,0,0,7.26621,0,25.3927,282,282
56.2,55,11.7618,0,0,7.26621,0,25.3927,282,282
56.3,55,11.7802,0,0,7.26621,0,25.3927,282,282
56.4,55,11.7908,0,0,7.26621,0,25.3927,282,282
56.5,55,11.8003,0,0,7.26621,0,25.3927,282,282
56.6,55,11.8079,0,0,7.26621,0,25.3927,282,282
56.7,55,11.8199,0,0,7.26621,0,25.3927,282,282
56.8,55,11.8142,0,0,7.26621,0,25.3927,282,282
56.9,55,11.8067,0,0,7.26621,0,25.3927,282,282
57,56,11.84,0,0,7.26621,0,25.3927,282,282
57.1,56,11.8145,0,0,7.26621,0,25.3927,282,282
57.2,56,11.7869,0,0,7.26621,0,25.3927,282,282
57.3,56,11.7894,0,0,7.26621,0,25.3927,282,282
57.4,56,11.7761,0,0,7.26621,0,25.3927,282,282
57.5,56,11.7537,0,0,7.26621,0,25.3927,282,282
57.6,56,11.7515,0,0,7.26621,0,25.3927,282,282
57.7,56,11.7383,0,0,7.26621,0,25.3927,282,282
57.8,56,11.7111,0,0,7.26621,0,25.3927,282,282
57.9,56,11.6963,0,0,7.26621,0,25.3927,282,282
58,57,11.7242,0,0,7.26621,0,25.3927,282,282
58.1,57,11.6971,0,0,7.26621,0,25.3927,282,282
58.2,57,11.6942,0,0,7.26621,0,25.3927,282,282
58.3,57,11.6832,0,0,7.26621,0,25.3927,282,282
58.4,57,11.6586,0,0,7.26621,0,25.3927,282,282
58.5,57,11.6561,0,0,7.26621,0,25.3927,282,282
58.6,57,11.6451,0,0,7.26621,0,25.3927,282,282
58.7,57,11.6354,0,0,7.26621,0,25.3927,282,282
58.8,57,11.6228,0,0,7.26621,0,25.3927,282,282
58.9,57,11.6108,0,0,7.26621,0,25.3927,282,282
59,58,11.6179,0,0,7.26621,0,25.3927,282,282
59.1,58,11.614,0,0,7.26621,0,25.3927,282,282
59.2,58,11.6,1,0,27.1454,0,24.3964,283,283
59.3,58,11.5908,1,0,27.1404,0,24.3271,284,284
59.4,58,11.5861,1,0,27.1356,2,24.2578,287,285
59.5,58,11.5746,1,0,27.1309,2,24.1883,288,286
59.6,58,11.5633,1,0,27.1309,1,24.1883,288,287
59.7,57,11.5388,0,0,27.1309,0,24.1883,288,288
59.8,57,11.5327,0,0,27.1309,0,24.1883,288,288
59.9,57,11.5197,1,0,7.70188,0,24.8131,289,289
60,58,11.5472,1,1,7.66637,0,24.8664,291,290
60.1,58,11.5158,1,2,7.63174,0,24.9194,293,291
60.2,58,11.5043,1,1,7.63174,0,24.9194,293,292
60.3,58,11.4998,0,0,7.63174,0,24.9194,293,293
60.4,58,11.48,0,0,7.63174,0,24.9194,293,293
60.5,58,11.4719,0,0,7.63174,0,24.9194,293,293
60.6,58,11.4869,0,0,7.63174,0,24.9194,293,293
60.7,58,11.4977,0,0,7.63174,0,24.9194,293,293
60.8,58,11.5052,0,0,7.63174,0,24.9194,293,293
60.9,58,11.512,0,0,7.63174,0,24.9194,293,293
61,59,11.5508,0,0,7.63174,0,24.9194,293,293
61.1,59,11.5554,0,0,7.63174,0,24.9194,293,293
61.2,59,11.5682,0,0,7.63174,0,24.9194,293,293
61.3,59,11.5871,0,0,7.63174,0,24.9194,293,293
61.4,59,11.6134,0,0,7.63174,0,24.9194,293,293
61.5,59,11.6458,0,0,7.63174,0,24.9194,293,293
61.6,59,11.6725,0,0,7.63174,0,24.9194,293,293
61.7,59,11.6883,0,0,7.63174,0,24.9194,293,293
61.8,59,11.6949,0,0,7.63174,0,24.9194,293,293
61.9,59,11.6975,0,0,7.63174,0,24.9194,293,293
62,59,11.7188,0,0,7.63174,0,24.9194,293,293
62.1,59,11.7063,0,0,7.63174,0,24.9194,293,293
62.2,59,11.7025,0,0,7.63174,0,24.9194,293,293
62.3,58,11.6513,0,0,7.63174,0,24.9194,293,293
62.4,58,11.649,0,0,7.63174,0,24.9194,293,293
62.5,58,11.6348,0,0,7.63174,0,24.9194,293,293
62.6,58,11.6239,0,0,7.63174,0,24.9194,293,293
62.7,58,11.6202,0,0,7.63174,0,24.9194,293,293
62.8,58,11.61,0,0,7.63174,0,24.9194,293,293
62.9,58,11.6004,1,0,31.1581,0,8.61995,294,294
63,58,11.5835,1,0,31.1262,0,8.66219,295,295
63.1,58,11.5608,1,0,31.0942,0,8.70489,296,296
63.2,58,11.5411,0,0,31.0623,0,8.74785,297,297
63.3,58,11.5175,0,0,31.0623,0,8.74785,297,297
63.4,58,11.4786,0,0,31.0623,0,8.74785,297,297
63.5,58,11.4283,0,0,31.0623,0,8.74785,297,297
63.6,59,11.4222,0,0,31.0623,0,8.74785,297,297
63.7,59,11.4005,0,0,31.0623,0,8.74785,297,297
63.8,59,11.3688,0,0,31.0623,0,8.74785,297,297
63.9,59,11.3381,0,0,31.0623,0,8.74785,297,297
64,60,11.3306,0,0,31.0623,0,8.74785,297,297
64.1,60,11.2759,1,0,17.8848,0,26.9385,298,298
64.2,60,11.2262,1,1,17.899,0,26.9706,300,299
64.3,60,11.1853,1,1,17.9131,0,27.0026,301,300
64.4,60,11.1408,1,0,17.9131,0,27.0026,301,301
64.5,60,11.099,0,0,17.9455,0,27.0644,302,302
64.6,60,11.0604,0,0,17.9455,0,27.0644,302,302
64.7,60,11.0295,0,0,17.9455,0,27.0644,302,302
64.8,60,10.9983,1,0,22.645,0,9.71619,303,303
64.9,60,10.9565,1,0,22.6887,2,9.66543,306,304
65,61,10.9552,1,0,22.6887,1,9.66543,306,305
65.1,62,10.9495,0,0,22.6887,0,9.66543,306,306
65.2,62,10.9112,0,0,22.6887,0,9.66543,306,306
65.3,62,10.8975,0,0,22.6887,0,9.66543,306,306
65.4,62,10.8772,0,0,22.6887,0,9.66543,306,306
65.5,62,10.8473,0,0,22.6887,0,9.66543,306,306
65.6,62,10.8161,0,0,22.6887,0,9.66543,306,306
65.7,61,10.7453,0,0,22.6887,0,9.66543,306,306
65.8,61,10.7196,1,0,28.0227,0,16.0123,307,307
65.9,61,10.6744,1,0,28.0402,1,15.9518,309,308
66,62,10.6762,0,0,28.0402,0,15.9518,309,309
66.1,62,10.6442,0,0,28.0402,0,15.9518,309,309
66.2,62,10.6014,0,0,28.0402,0,15.9518,309,309
66.3,62,10.5821,0,0,28.0402,0,15.9518,309,309
66.4,62,10.5516,1,0,25.1969,0,7.46263,310,310
66.5,61,10.4784,1,0,25.2454,1,7.43522,312,311
66.6,61,10.4481,1,0,25.2454,0,7.43522,312,312
66.7,61,10.4206,1,0,25.3429,1,7.38212,314,313
66.8,60,10.3206,2,0,7.99687,1,24.4057,316,315
66.9,60,10.2851,1,0,8.00858,0,24.3906,317,317
67,61,10.1775,0,0,8.01964,0,24.3763,318,318
67.1,61,10.1617,0,0,8.01964,0,24.3763,318,318
67.2,61,10.1363,1,0,30.6641,0,8.7699,319,319
67.3,61,10.1352,2,0,20.1407,2,27.2129,323,321
67.4,61,10.1274,2,1,20.2031,2,27.2063,326,323
67.5,61,10.1177,2,1,20.2653,1,27.1999,327,325
67.6,61,10.1151,1,1,20.328,0,27.1936,328,327
67.7,61,10.1129,0,0,20.328,0,27.1936,328,328
67.8,61,10.1123,0,0,20.328,0,27.1936,328,328
67.9,61,10.084,0,0,20.328,0,27.1936,328,328
68,61,10.0656,0,0,20.328,0,27.1936,328,328
68.1,62,10.1101,1,0,13.6502,0,19.7908,329,329
68.2,62,10.0836,1,1,13.7096,0,19.7562,331,330
68.3,62,10.0565,0,0,13.7096,0,19.7562,331,331
68.4,62,10.0363,0,0,13.7096,0,19.7562,331,331
68.5,62,10.0245,0,0,13.7096,0,19.7562,331,331
68.6,62,10.0001,0,0,13.7096,0,19.7562,331,331
68.7,62,9.99996,0,0,13.7096,0,19.7562,331,331
68.8,62,10.0028,0,0,13.7096,0,19.7562,331,331
68.9,62,10.0014,0,0,13.7096,0,19.7562,331,331
69,63,10.0675,0,0,13.7096,0,19.7562,331,331
69.1,63,10.0752,0,0,13.7096,0,19.7562,331,331
69.2,63,10.0547,0,0,13.7096,0,19.7562,331,331
69.3,63,10.0404,1,0,7.1204,0,35.0469,332,332
69.4,63,10.0316,1,0,7.09862,0,35.0073,333,333
69.5,63,10.0064,0,0,7.07741,0,34.9676,334,334
69.6,63,9.98943,0,0,7.07741,0,34.9676,334,334
69.7,63,9.97536,0,0,7.07741,0,34.9676,334,334
69.8,63,9.95268,0,0,7.07741,0,34.9676,334,334
69.9,63,9.93326,0,0,7.07741,0,34.9676,334,334
70,64,9.98059,0,0,7.07741,0,34.9676,334,334
70.1,64,9.96765,0,0,7.07741,0,34.9676,334,334
70.2,64,9.95579,1,0,29.085,0,12.1998,335,335
70.3,64,9.93608,1,0,29.0605,1,12.2533,337,336
70.4,64,9.90397,0,0,29.0605,0,12.2533,337,337
70.5,64,9.87547,0,0,29.0605,0,12.2533,337,337
70.6,64,9.87567,0,0,29.0605,0,12.2533,337,337
70.7,64,9.86928,0,0,29.0605,0,12.2533,337,337
70.8,64,9.87526,0,0,29.0605,0,12.2533,337,337
70.9,64,9.87026,0,0,29.0605,0,12.2533,337,337
71,65,9.91272,1,0,17.3857,0,17.924,338,338
71.1,65,9.92324,1,0,17.3857,1,17.924,341,340
71.2,65,9.91551,1,0,17.3857,0,17.924,342,342
71.3,65,9.91533,0,0,17.3857,0,17.924,343,343
71.4,65,9.91683,0,0,17.3857,0,17.924,343,343
71.5,65,9.90846,0,0,17.3857,0,17.924,343,343
71.6,65,9.90382,0,0,17.3857,0,17.924,343,343
71.7,65,9.90016,0,0,17.3857,0,17.924,343,343
71.8,65,9.8928,0,0,17.3857,0,17.924,343,343
71.9,65,9.8926,0,0,17.3857,0,17.924,343,343
72,66,9.72609,0,0,17.3857,0,17.924,343,343
72.1,66,9.74056,0,0,17.3857,0,17.924,343,343
72.2,66,9.748,0,0,17.3857,0,17.924,343,343
72.3,66,9.75031,0,0,17.3857,0,17.924,343,343
72.4,66,9.76533,0,0,17.3857,0,17.924,343,343
72.5,66,9.76044,0,0,17.3857,0,17.924,343,343
72.6,66,9.75149,0,0,17.3857,0,17.924,343,343
72.7,66,9.74682,0,0,17.3857,0,17.924,343,343
72.8,66,9.73215,0,0,17.3857,0,17.924,343,343
72.9,66,9.71004,0,0,17.3857,0,17.924,343,343
73,67,9.76145,0,0,17.3857,0,17.924,343,343
73.1,67,9.74889,0,0,17.3857,0,17.924,343,343
73.2,67,9.74703,0,0,17.3857,0,17.924,343,343
73.3,67,9.75649,0,0,17.3857,0,17.924,343,343
73.4,67,9.75786,0,0,17.3857,0,17.924,343,343
73.5,67,9.76895,0,0,17.3857,0,17.924,343,343
73.6,67,9.78454,0,0,17.3857,0,17.924,343,343
73.7,67,9.80118,1,0,9.09768,0,30.7297,344,344
73.8,67,9.8176,1,0,9.06995,0,30.7223,345,345
73.9,67,9.84429,2,1,23.3938,0,26.7748,348,347
74,68,9.90618,1,0,23.4641,0,26.7774,349,349
74.1,68,9.93321,2,1,7.03862,0,26.1891,352,351
74.2,68,9.96898,2,1,23.6051,0,26.7833,354,353
74.3,68,10.0008,1,1,7.01124,0,26.2948,355,354
74.4,68,10.047,1,0,7.01124,0,26.2948,355,355
74.5,68,10.0834,1,2,6.98732,0,26.401,358,356
74.6,68,10.12,1,1,6.98732,0,26.401,358,357
74.7,68,10.1746,0,0,6.98732,0,26.401,358,358
74.8,68,10.2276,0,0,6.98732,0,26.401,358,358
74.9,68,10.3003,0,0,6.98732,0,26.401,358,358
75,68,10.3401,0,0,6.98732,0,26.401,358,358
75.1,68,10.3884,0,0,6.98732,0,26.401,358,358
75.2,68,10.421,0,0,6.98732,0,26.401,358,358
75.3,68,10.4639,0,0,6.98732,0,26.401,358,358
75.4,68,10.5009,0,0,6.98732,0,26.401,358,358
75.5,68,10.5277,0,0,6.98732,0,26.401,358,358
75.6,68,10.5635,0,0,6.98732,0,26.401,358,358
75.7,68,10.5937,0,0,6.98732,0,26.401,358,358
75.8,68,10.6219,0,0,6.98732,0,26.401,358,358
75.9,68,10.6578,0,0,6.98732,0,26.401,358,358
76,69,10.7267,0,0,6.98732,0,26.401,358,358
76.1,69,10.7547,0,0,6.98732,0,26.401,358,358
76.2,69,10.7846,0,0,6.98732,0,26.401,358,358
76.3,69,10.8074,0,0,6.98732,0,26.401,358,358
76.4,69,10.8169,1,0,8.67302,0,23.6391,359,359
76.5,69,10.8122,1,2,8.65747,0,23.6565,362,360
76.6,69,10.8218,1,1,8.65747,0,23.6565,362,361
76.7,68,10.821,0,0,8.65747,0,23.6565,362,362
76.8,68,10.8366,0,0,8.65747,0,23.6565,362,362
76.9,68,10.8536,0,0,8.65747,0,23.6565,362,362
77,69,10.896,0,0,8.65747,0,23.6565,362,362
77.1,69,10.909,0,0,8.65747,0,23.6565,362,362
77.2,70,10.9218,0,0,8.65747,0,23.6565,362,362
77.3,70,10.9514,0,0,8.65747,0,23.6565,362,362
77.4,70,10.9759,0,0,8.65747,0,23.6565,362,362
77.5,70,10.9775,0,0,8.65747,0,23.6565,362,362
77.6,70,11.0036,0,0,8.65747,0,23.6565,362,362
77.7,70,11.0037,1,0,30.4393,0,10.6603,363,363
77.8,70,11.014,1,0,30.4682,0,10.6106,364,364
77.9,70,11.0037,0,0,30.4971,0,10.5611,365,365
78,71,10.9582,1,0,8.383,0,31.3434,366,366
78.1,71,10.9585,1,1,8.4126,0,31.3197,368,367
78.2,71,10.951,0,0,8.4126,0,31.3197,368,368
78.3,71,10.9584,0,0,8.4126,0,31.3197,368,368
78.4,71,10.96,0,0,8.4126,0,31.3197,368,368
78.5,70,10.9287,0,0,8.4126,0,31.3197,368,368
78.6,70,10.9354,0,0,8.4126,0,31.3197,368,368
78.7,70,10.9555,0,0,8.4126,0,31.3197,368,368
78.8,70,10.96,0,0,8.4126,0,31.3197,368,368
78.9,70,10.9689,0,0,8.4126,0,31.3197,368,368
79,71,11.0163,0,0,8.4126,0,31.3197,368,368
79.1,70,10.9679,0,0,8.4126,0,31.3197,368,368
79.2,70,10.9744,0,0,8.4126,0,31.3197,368,368
79.3,70,10.9873,0,0,8.4126,0,31.3197,368,368
79.4,70,11.008,0,0,8.4126,0,31.3197,368,368
79.5,70,11.0285,0,0,8.4126,0,31.3197,368,368
79.6,70,11.0426,1,0,20.9624,0,27.3024,369,369
79.7,70,11.0299,1,0,21.0215,0,27.2982,370,370
79.8,70,11.0316,0,0,21.0803,0,27.2941,371,371
79.9,70,11.0293,0,0,21.0803,0,27.2941,371,371
80,71,11.0072,0,0,21.0803,0,27.2941,371,371
80.1,71,11.0121,0,0,21.0803,0,27.2941,371,371
80.2,71,11.019,0,0,21.0803,0,27.2941,371,371
80.3,71,11.0303,0,0,21.0803,0,27.2941,371,371
80.4,71,11.0412,0,0,21.0803,0,27.2941,371,371
80.5,71,11.0635,0,0,21.0803,0,27.2941,371,371
80.6,71,11.073,0,0,21.0803,0,27.2941,371,371
80.7,71,11.084,0,0,21.0803,0,27.2941,371,371
80.8,71,11.0805,0,0,21.0803,0,27.2941,371,371
80.9,71,11.0956,0,0,21.0803,0,27.2941,371,371
81,72,11.1488,0,0,21.0803,0,27.2941,371,371
81.1,72,11.1512,0,0,21.0803,0,27.2941,371,371
81.2,72,11.1837,0,0,21.0803,0,27.2941,371,371
81.3,72,11.2067,0,0,21.0803,0,27.2941,371,371
81.4,72,11.231,0,0,21.0803,0,27.2941,371,371
81.5,72,11.2543,1,0,23.9139,0,8.40434,372,372
81.6,72,11.2739,1,0,23.9139,0,8.40434,373,373
81.7,72,11.2944,1,0,23.9139,0,8.40434,374,374
81.8,72,11.3091,2,0,18.8925,2,15.1033,377,375
81.9,72,11.3374,2,0,23.9139,2,8.40434,378,376
82,73,11.3936,2,0,23.9139,1,8.40434,378,377
82.1,73,11.4259,1,0,18.7883,1,15.3106,379,378
82.2,73,11.443,2,0,18.3527,0,17.7102,380,380
82.3,73,11.4527,2,0,18.2851,0,17.7302,382,382
82.4,73,11.4542,1,0,18.2175,1,17.7506,385,384
82.5,73,11.4519,1,1,17.0813,0,19.697,387,386
82.6,73,11.4485,2,1,11.2957,0,21.407,388,387
82.7,73,11.4489,2,1,17.0582,0,19.8065,390,389
82.8,72,11.3722,2,1,11.1663,0,21.5008,392,391
82.9,72,11.3726,1,0,17.0359,0,19.9164,393,393
83,73,11.3781,1,0,11.0379,0,21.5951,394,394
83.1,73,11.359,2,0,23.9139,0,8.40434,396,396
83.2,73,11.3421,2,0,23.9139,0,8.40434,398,398
83.3,73,11.3187,0,0,23.9139,0,8.40434,400,400
83.4,73,11.3162,1,0,25.1964,0,7.46292,401,401
83.5,73,11.308,1,0,25.1671,1,7.4798,403,402
83.6,73,11.3108,0,0,25.1671,0,7.4798,403,403
83.7,73,11.2956,0,0,25.1671,0,7.4798,403,403
83.8,73,11.2853,1,0,33.8951,0,6.76117,404,404
83.9,73,11.2726,1,0,33.8521,1,6.76015,406,405
84,74,11.313,1,0,33.8521,0,6.76015,406,406
84.1,74,11.306,1,0,33.7664,2,6.76103,409,407
84.2,74,11.3231,1,0,33.7664,1,6.76103,409,408
84.3,74,11.3418,1,0,8.1114,0,24.3215,410,410
84.4,74,11.3479,1,0,8.08354,0,24.359,411,411
84.5,74,11.3467,1,1,8.05538,0,24.3974,413,412
84.6,74,11.3541,1,1,8.02695,0,24.4366,414,413
84.7,74,11.385,0,0,8.02695,0,24.4366,414,414
84.8,74,11.3955,0,0,8.02695,0,24.4366,414,414
84.9,74,11.4238,1,0,27.5708,0,17.5977,415,415
85,75,11.4658,1,0,27.5422,1,17.625,417,416
85.1,75,11.4887,1,0,27.513,1,17.653,418,417
85.2,75,11.5082,1,0,27.513,0,17.653,418,418
85.3,75,11.5258,0,0,27.453,0,17.7106,419,419
85.4,75,11.5464,0,0,27.453,0,17.7106,419,419
85.5,75,11.5662,0,0,27.453,0,17.7106,419,419
85.6,75,11.5872,1,0,17.5632,0,26.9506,420,420
85.7,75,11.624,1,0,17.5496,0,26.9035,421,421
85.8,75,11.649,1,0,17.5357,0,26.8551,422,422
85.9,75,11.6758,0,0,17.5218,0,26.8058,423,423
86,76,11.7269,0,0,17.5218,0,26.8058,423,423
86.1,76,11.755,0,0,17.5218,0,26.8058,423,423
86.2,76,11.7795,0,0,17.5218,0,26.8058,423,423
86.3,76,11.7819,0,0,17.5218,0,26.8058,423,423
86.4,76,11.7925,0,0,17.5218,0,26.8058,423,423
86.5,76,11.7897,0,0,17.5218,0,26.8058,423,423
86.6,76,11.786,0,0,17.5218,0,26.8058,423,423
86.7,76,11.7893,0,0,17.5218,0,26.8058,423,423
86.8,76,11.7895,0,0,17.5218,0,26.8058,423,423
86.9,76,11.7908,0,0,17.5218,0,26.8058,423,423
87,77,11.8217,0,0,17.5218,0,26.8058,423,423
87.1,76,11.8018,0,0,17.5218,0,26.8058,423,423
87.2,76,11.7957,1,0,10.0489,0,22.3269,424,424
87.3,76,11.802,1,1,10.0988,0,22.2847,426,425
87.4,76,11.8022,1,0,10.0988,0,22.2847,426,426
87.5,76,11.8044,0,0,10.2022,0,22.1982,427,427
87.6,76,11.8089,0,0,10.2022,0,22.1982,427,427
87.7,76,11.8088,0,0,10.2022,0,22.1982,427,427
87.8,76,11.8112,1,0,23.1918,0,9.09346,428,428
87.9,76,11.8045,1,0,23.1601,0,9.1254,429,429
88,77,11.7426,0,0,23.1274,0,9.15823,430,430
88.1,76,11.6802,1,0,9.83286,0,22.5124,431,431
88.2,76,11.6787,1,0,9.76977,0,22.5676,432,432
88.3,76,11.6882,1,1,9.70669,0,22.6233,434,433
88.4,76,11.6884,0,0,9.70669,0,22.6233,434,434
88.5,76,11.6921,0,0,9.70669,0,22.6233,434,434
88.6,76,11.6953,0,0,9.70669,0,22.6233,434,434
88.7,76,11.7036,0,0,9.70669,0,22.6233,434,434
88.8,75,11.6478,0,0,9.70669,0,22.6233,434,434
88.9,75,11.6489,0,0,9.70669,0,22.6233,434,434
89,76,11.6838,0,0,9.70669,0,22.6233,434,434
89.1,76,11.6757,0,0,9.70669,0,22.6233,434,434
89.2,76,11.653,0,0,9.70669,0,22.6233,434,434
89.3,76,11.6403,0,0,9.70669,0,22.6233,434,434
89.4,76,11.6353,1,0,18.9528,0,15.2055,435,435
89.5,76,11.6321,1,0,18.9862,1,15.1378,437,436
89.6,76,11.6203,2,0,9.90361,1,22.4008,439,438
89.7,76,11.6108,2,1,9.95012,0,22.358,441,440
89.8,75,11.5968,1,1,9.99695,0,22.3153,443,442
89.9,75,11.6082,1,0,26.9553,0,23.8876,444,444
90,74,11.5481,1,0,26.9592,0,23.9563,445,445
90.1,74,11.5436,1,0,26.9632,1,24.0251,447,446
90.2,73,11.5309,0,0,26.9632,0,24.0251,447,447
90.3,73,11.5088,0,0,26.9632,0,24.0251,447,447
90.4,73,11.497,0,0,26.9632,0,24.0251,447,447
90.5,73,11.4814,0,0,26.9632,0,24.0251,447,447
90.6,73,11.4802,0,0,26.9632,0,24.0251,447,447
90.7,73,11.4786,0,0,26.9632,0,24.0251,447,447
90.8,73,11.4689,0,0,26.9632,0,24.0251,447,447
90.9,73,11.468,0,0,26.9632,0,24.0251,447,447
91,74,11.4729,0,0,26.9632,0,24.0251,447,447
91.1,73,11.4464,0,0,26.9632,0,24.0251,447,447
91.2,73,11.4409,0,0,26.9632,0,24.0251,447,447
91.3,73,11.432,0,0,26.9632,0,24.0251,447,447
91.4,73,11.425,0,0,26.9632,0,24.0251,447,447
91.5,73,11.4117,1,0,7.81958,0,29.2807,448,448
91.6,73,11.4038,1,0,7.83749,0,29.3113,449,449
91.7,72,11.3351,1,0,7.85501,0,29.3409,450,450
91.8,72,11.3382,0,0,7.87223,0,29.3698,451,451
91.9,72,11.3431,0,0,7.87223,0,29.3698,451,451
92,73,11.3441,0,0,7.87223,0,29.3698,451,451
92.1,73,11.3476,0,0,7.87223,0,29.3698,451,451
92.2,73,11.3414,0,0,7.87223,0,29.3698,451,451
92.3,73,11.3384,0,0,7.87223,0,29.3698,451,451
92.4,74,11.3242,0,0,7.87223,0,29.3698,451,451
92.5,74,11.3358,0,0,7.87223,0,29.3698,451,451
92.6,74,11.3323,0,0,7.87223,0,29.3698,451,451
92.7,74,11.3317,0,0,7.87223,0,29.3698,451,451
92.8,74,11.3387,1,0,14.0061,0,19.5863,452,452
92.9,74,11.3313,2,0,19.3782,0,14.5837,454,454
93,75,11.3615,2,0,19.3444,0,14.6491,456,456
93.1,75,11.3743,1,0,19.3107,0,14.7148,458,458
93.2,75,11.383,1,0,19.2773,0,14.7803,459,459
93.3,75,11.3918,1,0,19.2441,0,14.846,460,460
93.4,75,11.3912,0,0,19.211,0,14.9118,461,461
93.5,75,11.3794,0,0,19.211,0,14.9118,461,461
93.6,75,11.3785,0,0,19.211,0,14.9118,461,461
93.7,75,11.3852,0,0,19.211,0,14.9118,461,461
93.8,75,11.3853,0,0,19.211,0,14.9118,461,461
93.9,75,11.384,0,0,19.211,0,14.9118,461,461
94,76,11.4033,0,0,19.211,0,14.9118,461,461
94.1,76,11.4034,0,0,19.211,0,14.9118,461,461
94.2,76,11.404,1,0,16.9757,0,21.3873,462,462
94.3,76,11.3949,1,1,16.9818,0,21.3204,464,463
94.4,75,11.3646,0,0,16.9818,0,21.3204,464,464
94.5,75,11.3691,0,0,16.9818,0,21.3204,464,464
94.6,75,11.345,0,0,16.9818,0,21.3204,464,464
94.7,75,11.3382,0,0,16.9818,0,21.3204,464,464
94.8,75,11.3263,0,0,16.9818,0,21.3204,464,464
94.9,75,11.3153,0,0,16.9818,0,21.3204,464,464
95,76,11.334,0,0,16.9818,0,21.3204,464,464
95.1,76,11.3214,0,0,16.9818,0,21.3204,464,464
95.2,76,11.3115,0,0,16.9818,0,21.3204,464,464
95.3,75,11.2418,0,0,16.9818,0,21.3204,464,464
95.4,75,11.2217,0,0,16.9818,0,21.3204,464,464
95.5,75,11.1927,0,0,16.9818,0,21.3204,464,464
95.6,75,11.1674,0,0,16.9818,0,21.3204,464,464
95.7,75,11.166,0,0,16.9818,0,21.3204,464,464
95.8,73,11.2136,0,0,16.9818,0,21.3204,464,464
95.9,72,11.188,1,0,35.4762,0,7.52532,465,465
96,73,11.231,1,0,35.5165,1,7.54952,467,466
96.1,73,11.2176,1,0,35.5568,1,7.57422,468,467
96.2,72,11.2039,1,0,35.5568,0,7.57422,468,468
96.3,72,11.1908,0,0,35.6376,0,7.6253,469,469
96.4,72,11.2,0,0,35.6376,0,7.6253,469,469
96.5,72,11.2031,0,0,35.6376,0,7.6253,469,469
96.6,72,11.2009,0,0,35.6376,0,7.6253,469,469
96.7,72,11.2319,0,0,35.6376,0,7.6253,469,469
96.8,72,11.2407,0,0,35.6376,0,7.6253,469,469
96.9,72,11.2325,1,0,7.51372,0,29.41,470,470
97,73,11.2404,1,0,7.54741,0,29.4651,471,471
97.1,73,11.2423,1,1,7.58139,0,29.5197,473,472
97.2,73,11.2206,1,1,7.61524,0,29.5732,474,473
97.3,73,11.2124,0,0,7.61524,0,29.5732,474,474
97.4,73,11.1999,0,0,7.61524,0,29.5732,474,474
97.5,73,11.1836,1,0,20.8929,0,11.924,475,475
97.6,73,11.1534,2,0,27.1998,0,27.164,477,477
97.7,73,11.1224,1,0,27.1989,1,27.1452,480,479
97.8,73,11.0956,1,0,27.1967,0,27.1257,481,481
97.9,73,11.0552,0,0,27.1928,0,27.105,482,482
98,73,11.0347,0,0,27.1928,0,27.105,482,482
98.1,73,11.0119,0,0,27.1928,0,27.105,482,482
98.2,73,10.9827,0,0,27.1928,0,27.105,482,482
98.3,73,10.9522,0,0,27.1928,0,27.105,482,482
98.4,73,10.9269,0,0,27.1928,0,27.105,482,482
98.5,72,10.8565,0,0,27.1928,0,27.105,482,482
98.6,71,10.8543,0,0,27.1928,0,27.105,482,482
98.7,70,10.8339,1,0,27.2782,0,19.5901,483,483
98.8,70,10.8137,1,0,27.2705,0,19.65,484,484
98.9,70,10.7912,1,0,26.7645,1,22.098,486,485
99,71,10.7758,2,0,26.9291,1,23.2517,487,486
99.1,71,10.7595,2,0,26.7624,1,22.2218,488,487
99.2,71,10.7522,2,0,26.9255,1,23.1049,489,488
99.3,71,10.7395,2,0,26.761,1,22.3455,490,489
99.4,71,10.7235,1,0,26.9228,1,22.9582,491,490
99.5,71,10.7122,0,0,26.9228,0,22.9582,491,491
99.6,71,10.6943,0,0,26.9228,0,22.9582,491,491
99.7,71,10.6814,0,0,26.9228,0,22.9582,491,491
99.8,71,10.6653,1,0,7.27625,0,33.8236,492,492
99.9,71,10.666,1,1,7.26845,0,33.8667,494,493
100,72,10.7013,1,1,7.26161,0,33.9097,495,494
100.1,72,10.7068,0,0,7.26161,0,33.9097,495,495
100.2,72,10.7196,0,0,7.26161,0,33.9097,495,495
100.3,72,10.719,0,0,7.26161,0,33.9097,495,495
100.4,72,10.736,0,0,7.26161,0,33.9097,495,495
100.5,72,10.7392,0,0,7.26161,0,33.9097,495,495
100.6,72,10.731,0,0,7.26161,0,33.9097,495,495
100.7,72,10.7446,0,0,7.26161,0,33.9097,495,495
100.8,71,10.727,0,0,7.26161,0,33.9097,495,495
100.9,71,10.734,0,0,7.26161,0,33.9097,495,495
101,71,10.7379,1,0,6.76522,0,27.3225,496,496
101.1,71,10.7587,1,1,6.76935,0,27.3828,498,497
101.2,71,10.7738,1,1,6.77463,0,27.4428,499,498
101.3,71,10.7859,1,0,6.77463,0,27.4428,499,499
101.4,71,10.7889,0,0,6.78877,0,27.5636,500,500
101.5,71,10.8048,0,0,6.78877,0,27.5636,500,500
101.6,71,10.8136,0,0,6.78877,0,27.5636,500,500
101.7,71,10.8363,0,0,6.78877,0,27.5636,500,500
101.8,71,10.8507,0,0,6.78877,0,27.5636,500,500
101.9,71,10.8446,0,0,6.78877,0,27.5636,500,500
102,72,10.8701,0,0,6.78877,0,27.5636,500,500
102.1,72,10.8701,0,0,6.78877,0,27.5636,500,500
102.2,72,10.8517,0,0,6.78877,0,27.5636,500,500
102.3,72,10.8501,0,0,6.78877,0,27.5636,500,500
102.4,72,10.8443,0,0,6.78877,0,27.5636,500,500
102.5,73,10.8553,0,0,6.78877,0,27.5636,500,500
102.6,73,10.861,0,0,6.78877,0,27.5636,500,500
102.7,73,10.864,0,0,6.78877,0,27.5636,500,500
102.8,73,10.8507,0,0,6.78877,0,27.5636,500,500
102.9,73,10.8489,0,0,6.78877,0,27.5636,500,500
103,74,10.8406,0,0,6.78877,0,27.5636,500,500
103.1,74,10.8279,0,0,6.78877,0,27.5636,500,500
103.2,74,10.8039,1,0,30.9221,0,9.55768,501,501
103.3,74,10.7802,1,0,30.9405,0,9.5304,502,502
103.4,74,10.7695,0,0,30.9578,0,9.50487,503,503
103.5,74,10.7522,0,0,30.9578,0,9.50487,503,503
103.6,74,10.7178,0,0,30.9578,0,9.50487,503,503
103.7,74,10.6906,0,0,30.9578,0,9.50487,503,503
103.8,73,10.7525,0,0,30.9578,0,9.50487,503,503
103.9,73,10.7271,0,0,30.9578,0,9.50487,503,503
104,74,10.7189,0,0,30.9578,0,9.50487,503,503
104.1,74,10.6898,0,0,30.9578,0,9.50487,503,503
104.2,74,10.6663,0,0,30.9578,0,9.50487,503,503
104.3,74,10.6403,0,0,30.9578,0,9.50487,503,503
104.4,74,10.6141,0,0,30.9578,0,9.50487,503,503
104.5,74,10.5864,0,0,30.9578,0,9.50487,503,503
104.6,74,10.5527,0,0,30.9578,0,9.50487,503,503
104.7,74,10.5186,0,0,30.9578,0,9.50487,503,503
104.8,74,10.4806,1,0,8.53321,0,23.7551,504,504
104.9,74,10.4432,1,1,8.53321,0,23.7551,506,505
105,75,10.4623,1,1,8.53321,0,23.7551,507,506
105.1,75,10.4408,1,0,8.53321,0,23.7551,507,507
105.2,75,10.4239,0,0,8.53321,0,23.7551,508,508
105.3,75,10.4033,0,0,8.53321,0,23.7551,508,508
105.4,75,10.3895,0,0,8.53321,0,23.7551,508,508
105.5,75,10.3654,0,0,8.53321,0,23.7551,508,508
105.6,75,10.3366,0,0,8.53321,0,23.7551,508,508
105.7,75,10.3187,0,0,8.53321,0,23.7551,508,508
105.8,75,10.2743,0,0,8.53321,0,23.7551,508,508
105.9,75,10.2337,0,0,8.53321,0,23.7551,508,508
106,75,10.1488,0,0,8.53321,0,23.7551,508,508
106.1,75,10.1027,0,0,8.53321,0,23.7551,508,508
106.2,75,10.0589,0,0,8.53321,0,23.7551,508,508
106.3,75,10.024,0,0,8.53321,0,23.7551,508,508
106.4,75,9.99308,0,0,8.53321,0,23.7551,508,508
106.5,75,9.96322,0,0,8.53321,0,23.7551,508,508
106.6,75,9.93459,0,0,8.53321,0,23.7551,508,508
106.7,74,9.84413,0,0,8.53321,0,23.7551,508,508
106.8,74,9.81998,0,0,8.53321,0,23.7551,508,508
106.9,74,9.80768,0,0,8.53321,0,23.7551,508,508
107,75,9.85052,1,0,16.3064,0,27.9405,509,509
107.1,74,9.82465,2,1,13.0884,0,28.875,511,510
107.2,74,9.81659,2,1,16.1731,0,27.9773,512,511
107.3,74,9.83055,1,1,12.9591,0,28.9295,513,512
107.4,72,9.72154,2,1,8.65068,0,23.6433,514,513
107.5,72,9.73436,2,1,12.8305,0,28.9844,515,514
107.6,72,9.72447,1,2,8.65068,0,23.6433,517,515
107.7,72,9.72122,1,1,8.65068,0,23.6433,517,516
107.8,72,9.70811,1,1,8.65068,0,23.6433,518,517
107.9,72,9.71158,0,0,8.65068,0,23.6433,518,518
108,73,9.79287,0,0,8.65068,0,23.6433,518,518
108.1,73,9.8009,0,0,8.65068,0,23.6433,518,518
108.2,73,9.80946,0,0,8.65068,0,23.6433,518,518
108.3,73,9.81716,0,0,8.65068,0,23.6433,518,518
108.4,73,9.82619,0,0,8.65068,0,23.6433,518,518
108.5,73,9.82012,0,0,8.65068,0,23.6433,518,518
108.6,73,9.81688,0,0,8.65068,0,23.6433,518,518
108.7,73,9.81136,0,0,8.65068,0,23.6433,518,518
108.8,73,9.81007,0,0,8.65068,0,23.6433,518,518
108.9,73,9.81221,0,0,8.65068,0,23.6433,518,518
109,74,9.74566,0,0,8.65068,0,23.6433,518,518
109.1,74,9.73838,0,0,8.65068,0,23.6433,518,518
109.2,74,9.73192,0,0,8.65068,0,23.6433,518,518
109.3,74,9.73423,0,0,8.65068,0,23.6433,518,518
109.4,74,9.73014,0,0,8.65068,0,23.6433,518,518
109.5,74,9.74527,0,0,8.65068,0,23.6433,518,518
109.6,74,9.74922,0,0,8.65068,0,23.6433,518,518
109.7,74,9.75919,0,0,8.65068,0,23.6433,518,518
109.8,74,9.7626,0,0,8.65068,0,23.6433,518,518
109.9,74,9.76838,0,0,8.65068,0,23.6433,518,518
110,75,9.81838,0,0,8.65068,0,23.6433,518,518
110.1,75,9.82836,0,0,8.65068,0,23.6433,518,518
110.2,75,9.83589,0,0,8.65068,0,23.6433,518,518
110.3,75,9.85866,0,0,8.65068,0,23.6433,518,518
110.4,75,9.87899,0,0,8.65068,0,23.6433,518,518
110.5,75,9.89431,0,0,8.65068,0,23.6433,518,518
110.6,75,9.90908,1,0,26.972,0,19.416,519,519
110.7,75,9.92374,1,0,26.9815,0,19.3468,520,520
110.8,75,9.93349,1,0,26.9911,0,19.2779,521,521
110.9,75,9.94749,0,0,27.0009,0,19.209,522,522
111,76,9.97975,0,0,27.0009,0,19.209,522,522
111.1,76,9.98666,0,0,27.0009,0,19.209,522,522
111.2,76,10.004,0,0,27.0009,0,19.209,522,522
111.3,76,10.0013,0,0,27.0009,0,19.209,522,522
111.4,76,10.0146,0,0,27.0009,0,19.209,522,522
111.5,76,10.0328,0,0,27.0009,0,19.209,522,522
111.6,76,10.068,0,0,27.0009,0,19.209,522,522
111.7,76,10.0908,0,0,27.0009,0,19.209,522,522
111.8,76,10.1283,0,0,27.0009,0,19.209,522,522
111.9,76,10.1508,1,0,33.634,0,7.13083,523,523
112,77,10.2019,1,0,33.6774,0,7.12131,524,524
112.1,77,10.236,1,0,33.7213,0,7.11272,525,525
112.2,77,10.2641,1,0,33.765,0,7.10515,526,526
112.3,77,10.3126,1,0,33.8092,0,7.09853,527,527
112.4,77,10.3608,0,0,33.8532,0,7.09294,528,528
112.5,77,10.3963,0,0,33.8532,0,7.09294,528,528
112.6,77,10.4206,0,0,33.8532,0,7.09294,528,528
112.7,75,10.482,0,0,33.8532,0,7.09294,528,528
112.8,75,10.5165,0,0,33.8532,0,7.09294,528,528
112.9,75,10.547,0,0,33.8532,0,7.09294,528,528
113,75,10.5752,0,0,33.8532,0,7.09294,528,528
113.1,75,10.5959,0,0,33.8532,0,7.09294,528,528
113.2,75,10.6152,0,0,33.8532,0,7.09294,528,528
113.3,75,10.6262,0,0,33.8532,0,7.09294,528,528
113.4,75,10.6541,0,0,33.8532,0,7.09294,528,528
113.5,75,10.663,0,0,33.8532,0,7.09294,528,528
113.6,75,10.6787,0,0,33.8532,0,7.09294,528,528
113.7,75,10.7036,0,0,33.8532,0,7.09294,528,528
113.8,75,10.7097,0,0,33.8532,0,7.09294,528,528
113.9,75,10.7289,0,0,33.8532,0,7.09294,528,528
114,77,10.7901,0,0,33.8532,0,7.09294,528,528
114.1,77,10.795,0,0,33.8532,0,7.09294,528,528
114.2,76,10.7917,0,0,33.8532,0,7.09294,528,528
114.3,76,10.8243,0,0,33.8532,0,7.09294,528,528
114.4,75,10.8326,0,0,33.8532,0,7.09294,528,528
114.5,75,10.8481,0,0,33.8532,0,7.09294,528,528
114.6,75,10.8508,0,0,33.8532,0,7.09294,528,528
114.7,74,10.8047,0,0,33.8532,0,7.09294,528,528
114.8,74,10.8225,0,0,33.8532,0,7.09294,528,528
114.9,74,10.8333,0,0,33.8532,0,7.09294,528,528
115,75,10.8751,0,0,33.8532,0,7.09294,528,528
115.1,75,10.8838,0,0,33.8532,0,7.09294,528,528
115.2,75,10.8926,0,0,33.8532,0,7.09294,528,528
115.3,75,10.905,0,0,33.8532,0,7.09294,528,528
115.4,75,10.9198,0,0,33.8532,0,7.09294,528,528
115.5,75,10.939,0,0,33.8532,0,7.09294,528,528
115.6,75,10.9534,0,0,33.8532,0,7.09294,528,528
115.7,74,10.9113,1,0,9.38442,0,30.6201,529,529
115.8,74,10.91,1,2,9.32946,0,30.6563,532,530
115.9,73,10.8841,1,1,9.32946,0,30.6563,532,531
116,74,10.9287,1,2,9.32946,0,30.6563,534,532
116.1,74,10.9448,1,1,9.32946,0,30.6563,534,533
116.2,74,10.9526,0,0,9.32946,0,30.6563,534,534
116.3,74,10.9849,0,0,9.32946,0,30.6563,534,534
116.4,74,11.0101,0,0,9.32946,0,30.6563,534,534
116.5,74,11.0478,0,0,9.32946,0,30.6563,534,534
116.6,74,11.0812,0,0,9.32946,0,30.6563,534,534
116.7,74,11.117,0,0,9.32946,0,30.6563,534,534
116.8,74,11.1483,0,0,9.32946,0,30.6563,534,534
116.9,74,11.1558,0,0,9.32946,0,30.6563,534,534
117,75,11.2111,0,0,9.32946,0,30.6563,534,534
117.1,75,11.2302,1,0,19.8688,0,13.6842,535,535
117.2,75,11.2374,1,0,19.8333,0,13.7464,536,536
117.3,75,11.2421,1,0,19.7982,1,13.8085,538,537
117.4,75,11.2499,1,0,19.763,1,13.871,539,538
117.5,75,11.2554,0,0,19.763,0,13.871,539,539
117.6,75,11.2418,0,0,19.763,0,13.871,539,539
117.7,75,11.2493,1,0,23.6941,0,8.60329,540,540
117.8,75,11.2399,1,0,23.7281,1,8.57188,542,541
117.9,75,11.2351,1,0,23.7629,2,8.53997,544,542
118,76,11.2702,1,0,23.7629,1,8.53997,544,543
118.1,75,11.2677,2,0,26.4652,1,27.0806,546,545
118.2,75,11.2715,1,0,26.4229,0,27.0738,547,547
118.3,75,11.2805,1,0,26.3798,0,27.0669,548,548
118.4,75,11.277,0,0,26.3356,0,27.0599,550,550
118.5,75,11.2786,0,0,26.3356,0,27.0599,550,550
118.6,75,11.2946,0,0,26.3356,0,27.0599,550,550
118.7,75,11.3135,0,0,26.3356,0,27.0599,550,550
118.8,75,11.3421,0,0,26.3356,0,27.0599,550,550
118.9,75,11.3681,0,0,26.3356,0,27.0599,550,550
119,76,11.4355,1,0,26.0517,0,27.0169,551,551
119.1,76,11.4608,1,0,26.0011,0,27.0096,552,552
119.2,76,11.4903,1,0,25.9499,0,27.0023,554,554
119.3,76,11.5249,0,0,25.8976,0,26.9949,556,556
119.4,76,11.5521,0,0,25.8976,0,26.9949,556,556
119.5,76,11.5717,0,0,25.8976,0,26.9949,556,556
119.6,76,11.5983,0,0,25.8976,0,26.9949,556,556
119.7,76,11.6293,0,0,25.8976,0,26.9949,556,556
119.8,76,11.6471,0,0,25.8976,0,26.9949,556,556
119.9,76,11.6717,0,0,25.8976,0,26.9949,556,556
120,77,11.7192,0,0,25.8976,0,26.9949,556,556
120.1,77,11.7459,0,0,25.8976,0,26.9949,556,556
120.2,77,11.7622,0,0,25.8976,0,26.9949,556,556
120.3,77,11.7692,0,0,25.8976,0,26.9949,556,556
120.4,77,11.7871,1,0,7.46693,0,35.375,557,557
120.5,77,11.8038,1,0,7.49541,0,35.4251,558,558
120.6,77,11.8298,1,0,7.5249,0,35.4755,559,559
120.7,77,11.848,1,1,7.5551,0,35.5257,561,560
120.8,77,11.8689,0,0,7.5551,0,35.5257,561,561
120.9,77,11.8961,0,0,7.5551,0,35.5257,561,561
121,78,11.9183,0,0,7.5551,0,35.5257,561,561
121.1,78,11.9473,0,0,7.5551,0,35.5257,561,561
121.2,78,11.9853,0,0,7.5551,0,35.5257,561,561
121.3,77,11.9795,0,0,7.5551,0,35.5257,561,561
121.4,77,12.0073,0,0,7.5551,0,35.5257,561,561
121.5,77,12.0205,1,0,18.2308,0,16.2473,562,562
121.6,77,12.045,1,0,18.2579,0,16.1869,563,563
121.7,77,12.0576,1,0,18.2853,1,16.1264,565,564
121.8,76,12.043,1,0,18.2853,0,16.1264,565,565
121.9,76,12.0433,0,0,18.3406,0,16.006,566,566
122,77,12.0719,0,0,18.3406,0,16.006,566,566
122.1,77,12.0638,0,0,18.3406,0,16.006,566,566
122.2,76,12.0271,1,0,16.9388,0,23.3628,567,567
122.3,75,11.9886,1,1,16.9431,0,23.4416,569,568
122.4,75,11.9891,1,0,16.9431,0,23.4416,569,569
122.5,75,11.9928,1,1,16.9531,0,23.5997,571,570
122.6,75,11.9868,1,1,16.9587,0,23.679,572,571
122.7,74,11.967,1,0,26.1626,0,7.17636,573,573
122.8,73,11.9463,2,0,17.5964,0,27.4567,575,575
122.9,73,11.935,2,1,17.6715,1,27.4407,579,577
123,74,11.9423,0,0,17.6715,0,27.4407,579,579
123.1,74,11.9402,1,0,26.0266,0,27.3208,580,580
123.2,74,11.9318,2,1,10.7537,0,30.1899,582,581
123.3,74,11.9327,1,0,25.9019,0,27.3035,583,583
123.4,74,11.937,1,0,10.8663,0,30.1273,584,584
123.5,74,11.9467,0,0,10.9226,0,30.0963,585,585
123.6,74,11.929,0,0,10.9226,0,30.0963,585,585
123.7,74,11.9219,0,0,10.9226,0,30.0963,585,585
123.8,74,11.9139,0,0,10.9226,0,30.0963,585,585
123.9,74,11.8961,0,0,10.9226,0,30.0963,585,585
124,75,11.9122,0,0,10.9226,0,30.0963,585,585
124.1,75,11.9005,0,0,10.9226,0,30.0963,585,585
124.2,75,11.8894,0,0,10.9226,0,30.0963,585,585
124.3,75,11.8718,0,0,10.9226,0,30.0963,585,585
124.4,75,11.8479,0,0,10.9226,0,30.0963,585,585
124.5,75,11.8539,1,0,28.2039,0,7.12357,586,586
124.6,75,11.847,1,0,28.1467,1,7.10446,588,587
124.7,75,11.8487,1,0,28.0893,1,7.0862,589,588
124.8,75,11.8333,0,0,28.0893,0,7.0862,589,589
124.9,75,11.8227,0,0,28.0893,0,7.0862,589,589
125,76,11.8236,0,0,28.0893,0,7.0862,589,589
125.1,76,11.8058,0,0,28.0893,0,7.0862,589,589
125.2,76,11.7785,0,0,28.0893,0,7.0862,589,589
125.3,76,11.7497,0,0,28.0893,0,7.0862,589,589
125.4,74,11.6789,1,0,35.6254,0,7.61744,590,590
125.5,74,11.652,1,0,35.578,1,7.58741,592,591
125.6,74,11.6432,1,0,35.5303,1,7.55789,593,592
125.7,74,11.6234,1,0,17.5649,0,27.2962,594,594
125.8,74,11.5841,1,0,17.5042,0,27.3093,595,595
125.9,74,11.5453,1,0,17.4435,0,27.3226,596,596
126,75,11.5293,1,0,17.3828,0,27.3361,597,597
126.1,75,11.4991,0,0,17.3221,0,27.3497,598,598
126.2,75,11.4774,0,0,17.3221,0,27.3497,598,598
126.3,75,11.4529,0,0,17.3221,0,27.3497,598,598
126.4,75,11.4212,0,0,17.3221,0,27.3497,598,598
126.5,75,11.3955,0,0,17.3221,0,27.3497,598,598
126.6,75,11.357,0,0,17.3221,0,27.3497,598,598
126.7,75,11.3418,0,0,17.3221,0,27.3497,598,598
126.8,75,11.3217,0,0,17.3221,0,27.3497,598,598
126.9,75,11.315,0,0,17.3221,0,27.3497,598,598
127,76,11.3183,1,0,23.3905,0,27.0921,599,599
127.1,76,11.3017,1,1,23.3227,0,27.09,601,600
127.2,76,11.3014,1,1,23.2545,0,27.0881,602,601
127.3,76,11.319,0,0,23.2545,0,27.0881,602,602
127.4,76,11.3329,0,0,23.2545,0,27.0881,602,602
127.5,76,11.3502,0,0,23.2545,0,27.0881,602,602
127.6,76,11.3639,0,0,23.2545,0,27.0881,602,602
127.7,76,11.3862,0,0,23.2545,0,27.0881,602,602
127.8,76,11.4027,0,0,23.2545,0,27.0881,602,602
127.9,76,11.4009,0,0,23.2545,0,27.0881,602,602
128,77,11.4318,0,0,23.2545,0,27.0881,602,602
128.1,77,11.4399,0,0,23.2545,0,27.0881,602,602
128.2,77,11.4575,0,0,23.2545,0,27.0881,602,602
128.3,77,11.4683,0,0,23.2545,0,27.0881,602,602
128.4,77,11.496,0,0,23.2545,0,27.0881,602,602
128.5,77,11.5129,0,0,23.2545,0,27.0881,602,602
128.6,77,11.5453,0,0,23.2545,0,27.0881,602,602
128.7,77,11.5631,0,0,23.2545,0,27.0881,602,602
128.8,77,11.5944,0,0,23.2545,0,27.0881,602,602
128.9,77,11.6139,0,0,23.2545,0,27.0881,602,602
129,78,11.6618,0,0,23.2545,0,27.0881,602,602
129.1,77,11.6521,0,0,23.2545,0,27.0881,602,602
129.2,77,11.6848,0,0,23.2545,0,27.0881,602,602
129.3,77,11.7148,0,0,23.2545,0,27.0881,602,602
129.4,77,11.7444,0,0,23.2545,0,27.0881,602,602
129.5,77,11.7745,0,0,23.2545,0,27.0881,602,602
129.6,77,11.7964,0,0,23.2545,0,27.0881,602,602
129.7,77,11.8173,0,0,23.2545,0,27.0881,602,602
129.8,77,11.836,0,0,23.2545,0,27.0881,602,602
129.9,76,11.833,0,0,23.2545,0,27.0881,602,602
130,77,11.8725,0,0,23.2545,0,27.0881,602,602
130.1,76,11.8668,0,0,23.2545,0,27.0881,602,602
130.2,76,11.879,0,0,23.2545,0,27.0881,602,602
130.3,76,11.8938,0,0,23.2545,0,27.0881,602,602
130.4,76,11.9087,0,0,23.2545,0,27.0881,602,602
130.5,76,11.9252,1,0,8.43963,0,30.7151,603,603
130.6,76,11.9319,1,0,8.46347,0,30.745,604,604
130.7,76,11.9372,0,0,8.4883,0,30.7761,605,605
130.8,76,11.9297,1,0,10.6735,0,30.2351,606,606
130.9,76,11.9245,2,2,17.1567,0,25.2303,609,607
131,77,11.9362,1,1,17.1567,0,25.2303,609,608
131.1,77,11.9365,1,0,17.1567,0,25.2303,609,609
131.2,77,11.9469,2,0,32.3218,0,7.87885,611,611
131.3,77,11.9542,1,0,32.3614,1,7.84373,614,613
131.4,77,11.9673,1,0,32.3614,0,7.84373,614,614
131.5,77,11.9922,1,0,32.4412,1,7.77525,616,615
131.6,77,12.0151,2,0,15.0767,0,18.7977,617,617
131.7,77,12.0188,1,0,15.1382,0,18.7658,619,619
131.8,77,12.0158,0,0,15.1999,0,18.734,620,620
131.9,76,11.9745,1,0,22.1981,0,26.7628,621,621
132,77,11.9968,1,1,22.2665,0,26.7618,623,622
132.1,77,11.9922,1,0,22.2665,0,26.7618,623,623
132.2,77,11.9732,0,0,22.4036,0,26.7605,624,624
132.3,77,11.9657,0,0,22.4036,0,26.7605,624,624
132.4,77,11.9484,0,0,22.4036,0,26.7605,624,624
132.5,77,11.9415,0,0,22.4036,0,26.7605,624,624
132.6,77,11.9334,0,0,22.4036,0,26.7605,624,624
132.7,77,11.9187,0,0,22.4036,0,26.7605,624,624
132.8,77,11.9111,0,0,22.4036,0,26.7605,624,624
132.9,77,11.9004,0,0,22.4036,0,26.7605,624,624
133,78,11.9062,0,0,22.4036,0,26.7605,624,624
133.1,78,11.8854,1,0,30.8578,0,8.76067,625,625
133.2,78,11.8815,1,0,30.8228,0,8.7253,626,626
133.3,78,11.8731,1,0,30.7876,0,8.68981,627,627
133.4,78,11.8397,0,0,30.7526,0,8.65465,628,628
133.5,77,11.8211,0,0,30.7526,0,8.65465,628,628
133.6,77,11.8152,0,0,30.7526,0,8.65465,628,628
133.7,77,11.8122,0,0,30.7526,0,8.65465,628,628
133.8,77,11.8164,0,0,30.7526,0,8.65465,628,628
133.9,76,11.7988,0,0,30.7526,0,8.65465,628,628
134,77,11.6419,1,0,18.7192,0,27.4083,629,629
134.1,77,11.6355,1,0,18.6687,0,27.4168,630,630
134.2,76,11.6066,1,1,18.6203,0,27.4251,632,631
134.3,76,11.5967,0,0,18.6203,0,27.4251,632,632
134.4,76,11.5824,0,0,18.6203,0,27.4251,632,632
134.5,76,11.5641,0,0,18.6203,0,27.4251,632,632
134.6,76,11.5491,0,0,18.6203,0,27.4251,632,632
134.7,76,11.5414,0,0,18.6203,0,27.4251,632,632
134.8,76,11.5313,0,0,18.6203,0,27.4251,632,632
134.9,76,11.5257,0,0,18.6203,0,27.4251,632,632
135,77,11.4891,0,0,18.6203,0,27.4251,632,632
135.1,77,11.4884,0,0,18.6203,0,27.4251,632,632
135.2,77,11.4925,0,0,18.6203,0,27.4251,632,632
135.3,76,11.4344,0,0,18.6203,0,27.4251,632,632
135.4,75,11.3997,0,0,18.6203,0,27.4251,632,632
135.5,75,11.4118,0,0,18.6203,0,27.4251,632,632
135.6,75,11.4083,0,0,18.6203,0,27.4251,632,632
135.7,75,11.4095,0,0,18.6203,0,27.4251,632,632
135.8,75,11.405,0,0,18.6203,0,27.4251,632,632
135.9,75,11.4137,0,0,18.6203,0,27.4251,632,632
136,75,11.4243,0,0,18.6203,0,27.4251,632,632
136.1,75,11.4534,1,0,9.15821,0,23.1261,633,633
136.2,75,11.4722,1,1,9.20833,0,23.076,635,634
136.3,75,11.4966,0,0,9.20833,0,23.076,635,635
136.4,75,11.5137,0,0,9.20833,0,23.076,635,635
136.5,75,11.5384,0,0,9.20833,0,23.076,635,635
136.6,75,11.5582,0,0,9.20833,0,23.076,635,635
136.7,74,11.5694,0,0,9.20833,0,23.076,635,635
136.8,75,11.4673,0,0,9.20833,0,23.076,635,635
136.9,75,11.4992,0,0,9.20833,0,23.076,635,635
137,76,11.5343,0,0,9.20833,0,23.076,635,635
137.1,76,11.5485,0,0,9.20833,0,23.076,635,635
137.2,76,11.5544,0,0,9.20833,0,23.076,635,635
137.3,76,11.5491,0,0,9.20833,0,23.076,635,635
137.4,76,11.5585,0,0,9.20833,0,23.076,635,635
137.5,76,11.5558,0,0,9.20833,0,23.076,635,635
137.6,76,11.5518,0,0,9.20833,0,23.076,635,635
137.7,76,11.5363,0,0,9.20833,0,23.076,635,635
137.8,76,11.5398,0,0,9.20833,0,23.076,635,635
137.9,76,11.5279,0,0,9.20833,0,23.076,635,635
138,77,11.5611,0,0,9.20833,0,23.076,635,635
138.1,77,11.5563,0,0,9.20833,0,23.076,635,635
138.2,76,11.5293,0,0,9.20833,0,23.076,635,635
138.3,76,11.5277,0,0,9.20833,0,23.076,635,635
138.4,76,11.5169,0,0,9.20833,0,23.076,635,635
138.5,76,11.4929,0,0,9.20833,0,23.076,635,635
138.6,76,11.4744,0,0,9.20833,0,23.076,635,635
138.7,76,11.453,0,0,9.20833,0,23.076,635,635
138.8,76,11.439,1,0,10.0438,0,30.2088,636,636
138.9,76,11.4255,1,0,9.99238,0,30.2394,637,637
139,77,11.4387,1,1,9.94122,0,30.2702,639,638
139.1,76,11.3948,1,1,9.89021,0,30.301,640,639
139.2,76,11.3772,1,1,9.83971,0,30.3318,641,640
139.3,76,11.3594,0,0,9.83971,0,30.3318,641,641
139.4,75,11.3321,0,0,9.83971,0,30.3318,641,641
139.5,75,11.3248,0,0,9.83971,0,30.3318,641,641
139.6,75,11.2994,0,0,9.83971,0,30.3318,641,641
139.7,75,11.2964,0,0,9.83971,0,30.3318,641,641
139.8,75,11.2663,1,0,23.9876,0,8.41629,642,642
139.9,75,11.252,1,0,24.0331,0,8.3811,643,643
140,75,11.2348,1,0,24.0786,0,8.34634,644,644
140.1,75,11.2221,0,0,24.1244,0,8.31184,645,645
140.2,76,11.253,0,0,24.1244,0,8.31184,645,645
140.3,76,11.2694,1,0,11.4884,0,21.1382,646,646
140.4,76,11.2699,2,0,26.9375,0,27.4656,648,648
140.5,76,11.2775,2,1,26.8969,1,27.4584,652,650
140.6,76,11.2877,2,1,26.8553,1,27.4511,654,652
140.7,76,11.3003,1,0,26.8553,0,27.4511,654,654
140.8,76,11.3216,0,0,26.7691,0,27.4363,655,655
140.9,76,11.3292,0,0,26.7691,0,27.4363,655,655
141,77,11.372,0,0,26.7691,0,27.4363,655,655
141.1,76,11.3199,0,0,26.7691,0,27.4363,655,655
141.2,76,11.3206,0,0,26.7691,0,27.4363,655,655
141.3,75,11.2905,0,0,26.7691,0,27.4363,655,655
141.4,75,11.2863,0,0,26.7691,0,27.4363,655,655
141.5,74,11.2497,0,0,26.7691,0,27.4363,655,655
141.6,73,11.1862,0,0,26.7691,0,27.4363,655,655
141.7,73,11.1895,0,0,26.7691,0,27.4363,655,655
141.8,73,11.1807,1,0,10.3842,0,22.0485,656,656
141.9,73,11.1731,1,0,10.3376,0,22.0865,657,657
142,74,11.1847,0,0,10.2914,0,22.1244,658,658
142.1,73,11.1365,0,0,10.2914,0,22.1244,658,658
142.2,72,11.0899,0,0,10.2914,0,22.1244,658,658
142.3,72,11.0877,0,0,10.2914,0,22.1244,658,658
142.4,71,11.0542,0,0,10.2914,0,22.1244,658,658
142.5,71,11.0433,0,0,10.2914,0,22.1244,658,658
142.6,71,11.0275,0,0,10.2914,0,22.1244,658,658
142.7,70,11.0237,0,0,10.2914,0,22.1244,658,658
142.8,70,11.0172,0,0,10.2914,0,22.1244,658,658
142.9,70,11.0027,0,0,10.2914,0,22.1244,658,658
143,71,11.0561,0,0,10.2914,0,22.1244,658,658
143.1,71,11.0416,0,0,10.2914,0,22.1244,658,658
143.2,71,11.0601,0,0,10.2914,0,22.1244,658,658
143.3,71,11.0639,0,0,10.2914,0,22.1244,658,658
143.4,71,11.051,0,0,10.2914,0,22.1244,658,658
143.5,71,11.0399,0,0,10.2914,0,22.1244,658,658
143.6,71,11.0214,0,0,10.2914,0,22.1244,658,658
143.7,71,10.9922,1,0,24.2833,0,17.1793,659,659
143.8,71,10.9556,1,0,24.2142,0,17.1714,660,660
143.9,70,10.8993,1,0,24.1452,1,17.1638,662,661
144,71,10.722,1,0,24.0764,1,17.1565,663,662
144.1,71,10.6879,0,0,24.0764,0,17.1565,663,663
144.2,71,10.6665,1,0,7.14214,0,26.3179,664,664
144.3,71,10.6463,2,0,17.4234,0,18.3855,666,666
144.4,70,10.5613,1,0,17.4234,0,18.3855,668,668
144.5,70,10.5501,1,0,17.4234,0,18.3855,669,669
144.6,70,10.548,0,0,17.4234,0,18.3855,670,670
144.7,70,10.5411,0,0,17.4234,0,18.3855,670,670
144.8,70,10.5377,0,0,17.4234,0,18.3855,670,670
144.9,70,10.5364,0,0,17.4234,0,18.3855,670,670
145,71,10.5812,0,0,17.4234,0,18.3855,670,670
145.1,71,10.5868,1,0,9.55442,0,22.7852,671,671
145.2,71,10.5906,1,1,9.58688,0,22.7568,673,672
145.3,71,10.6166,1,0,9.58688,0,22.7568,673,673
145.4,71,10.6273,1,1,9.65433,0,22.6983,675,674
145.5,71,10.6428,0,0,9.65433,0,22.6983,675,675
145.6,71,10.6573,0,0,9.65433,0,22.6983,675,675
145.7,71,10.6708,1,0,17.3933,0,19.6115,676,676
145.8,71,10.6817,1,0,17.4083,0,19.5406,678,678
145.9,71,10.6868,0,0,17.4237,0,19.4694,679,679
146,72,10.7223,0,0,17.4237,0,19.4694,679,679
146.1,72,10.7339,0,0,17.4237,0,19.4694,679,679
146.2,72,10.7238,0,0,17.4237,0,19.4694,679,679
146.3,72,10.7336,0,0,17.4237,0,19.4694,679,679
146.4,72,10.7333,0,0,17.4237,0,19.4694,679,679
146.5,71,10.6908,0,0,17.4237,0,19.4694,679,679
146.6,71,10.6949,0,0,17.4237,0,19.4694,679,679
146.7,71,10.7053,0,0,17.4237,0,19.4694,679,679
146.8,70,10.659,0,0,17.4237,0,19.4694,679,679
146.9,70,10.6587,0,0,17.4237,0,19.4694,679,679
147,71,10.7017,0,0,17.4237,0,19.4694,679,679
147.1,71,10.6835,0,0,17.4237,0,19.4694,679,679
147.2,71,10.6739,0,0,17.4237,0,19.4694,679,679
147.3,71,10.6735,0,0,17.4237,0,19.4694,679,679
147.4,70,10.6212,0,0,17.4237,0,19.4694,679,679
147.5,70,10.6223,0,0,17.4237,0,19.4694,679,679
147.6,70,10.6237,0,0,17.4237,0,19.4694,679,679
147.7,70,10.6179,0,0,17.4237,0,19.4694,679,679
147.8,70,10.6183,0,0,17.4237,0,19.4694,679,679
147.9,70,10.6055,0,0,17.4237,0,19.4694,679,679
148,71,10.5099,0,0,17.4237,0,19.4694,679,679
148.1,71,10.4884,0,0,17.4237,0,19.4694,679,679
148.2,71,10.4815,0,0,17.4237,0,19.4694,679,679
148.3,71,10.4631,0,0,17.4237,0,19.4694,679,679
148.4,71,10.4395,0,0,17.4237,0,19.4694,679,679
148.5,71,10.4123,1,0,7.3715,0,32.3264,680,680
148.6,71,10.3939,1,0,7.34178,0,32.3639,681,681
148.7,71,10.3869,1,0,7.31255,0,32.4016,682,682
148.8,71,10.3858,1,0,18.752,0,17.3158,684,684
148.9,71,10.3851,1,0,18.7509,1,17.3161,686,685
149,72,10.4283,1,0,18.75,1,17.3164,687,686
149.1,72,10.4128,1,0,18.75,0,17.3164,687,687
149.2,72,10.3957,1,0,18.7484,0,17.3168,688,688
149.3,72,10.3844,0,0,18.7477,0,17.317,689,689
149.4,72,10.3759,0,0,18.7477,0,17.317,689,689
149.5,72,10.3711,0,0,18.7477,0,17.317,689,689
149.6,72,10.3374,1,0,18.3855,0,17.4234,690,690
149.7,72,10.3322,1,0,18.3855,0,17.4234,691,691
149.8,72,10.3032,0,0,18.3855,0,17.4234,692,692
149.9,72,10.2902,0,0,18.3855,0,17.4234,692,692
150,73,10.1432,1,0,7.49793,0,25.5384,693,693
150.1,73,10.131,1,1,7.5213,0,25.4796,695,694
150.2,73,10.1036,2,1,17.9784,0,17.1578,697,696
150.3,73,10.0847,2,1,17.994,1,17.117,700,698
150.4,73,10.0646,2,1,7.59736,0,25.3026,701,700
150.5,73,10.0509,0,0,18.0265,0,17.0326,702,702
150.6,73,10.0367,0,0,18.0265,0,17.0326,702,702
150.7,73,10.0389,0,0,18.0265,0,17.0326,702,702
150.8,73,10.0327,0,0,18.0265,0,17.0326,702,702
150.9,73,10.0022,1,0,18.26,0,16.1823,703,703
151,74,9.87185,1,0,18.2817,0,16.1343,704,704
151.1,74,9.85219,1,0,18.304,0,16.0855,705,705
151.2,74,9.83186,1,0,18.3268,0,16.0357,706,706
151.3,74,9.81764,0,0,18.3503,0,15.9849,707,707
151.4,74,9.80706,0,0,18.3503,0,15.9849,707,707
151.5,74,9.80559,0,0,18.3503,0,15.9849,707,707
151.6,74,9.79833,0,0,18.3503,0,15.9849,707,707
151.7,74,9.80452,0,0,18.3503,0,15.9849,707,707
151.8,74,9.80043,1,0,16.8797,0,20.859,708,708
151.9,73,9.78537,1,1,16.8897,0,20.7848,710,709
152,74,9.8457,1,1,16.9001,0,20.7103,711,710
152.1,74,9.85455,1,0,16.9001,0,20.7103,711,711
152.2,74,9.85099,1,1,16.922,0,20.5622,713,712
152.3,74,9.83831,0,0,16.922,0,20.5622,713,713
152.4,74,9.84942,1,0,18.335,0,17.5766,714,714
152.5,73,9.7992,1,0,18.335,1,17.5766,717,716
152.6,73,9.79506,0,0,18.335,0,17.5766,717,717
152.7,73,9.79718,0,0,18.335,0,17.5766,717,717
152.8,73,9.78576,0,0,18.335,0,17.5766,717,717
152.9,73,9.79417,0,0,18.335,0,17.5766,717,717
153,74,9.82367,0,0,18.335,0,17.5766,717,717
153.1,74,9.80193,0,0,18.335,0,17.5766,717,717
153.2,74,9.7962,1,0,8.77559,0,30.6857,718,718
153.3,74,9.79342,2,0,17.9656,0,17.4882,720,720
153.4,74,9.79188,1,0,17.9564,0,17.5078,722,722
153.5,74,9.78528,1,0,17.9468,0,17.5281,723,723
153.6,74,9.78263,0,0,17.937,0,17.5491,724,724
153.7,74,9.79825,0,0,17.937,0,17.5491,724,724
153.8,74,9.80746,0,0,17.937,0,17.5491,724,724
153.9,74,9.81137,0,0,17.937,0,17.5491,724,724
154,75,9.87374,0,0,17.937,0,17.5491,724,724
154.1,75,9.8793,0,0,17.937,0,17.5491,724,724
154.2,75,9.90708,0,0,17.937,0,17.5491,724,724
154.3,75,9.92534,0,0,17.937,0,17.5491,724,724
154.4,75,9.9411,0,0,17.937,0,17.5491,724,724
154.5,75,9.96898,0,0,17.937,0,17.5491,724,724
154.6,75,9.9857,0,0,17.937,0,17.5491,724,724
154.7,75,10.0078,0,0,17.937,0,17.5491,724,724
154.8,75,10.0363,1,0,6.8743,0,27.9872,725,725
154.9,75,10.0616,1,1,6.88899,0,28.0409,727,726
155,75,10.0839,1,1,6.90452,0,28.0946,728,727
155.1,74,10.0892,0,0,6.90452,0,28.0946,728,728
155.2,74,10.1166,1,0,16.9939,0,21.1972,729,729
155.3,74,10.1593,1,0,17.0014,0,21.1262,730,730
155.4,74,10.2,1,1,17.0093,0,21.0552,732,731
155.5,74,10.2306,0,0,17.0093,0,21.0552,732,732
155.6,74,10.2766,0,0,17.0093,0,21.0552,732,732
155.7,74,10.3101,0,0,17.0093,0,21.0552,732,732
155.8,74,10.3392,1,0,28.0656,0,7.26228,733,733
155.9,74,10.3863,2,0,8.41897,0,31.3146,735,735
156,75,10.4594,1,1,8.46622,0,31.2771,738,737
156.1,75,10.4882,1,1,8.51418,0,31.2395,739,738
156.2,75,10.5214,1,0,8.51418,0,31.2395,739,739
156.3,75,10.5475,1,1,8.61078,0,31.1651,741,740
156.4,75,10.5797,0,0,8.61078,0,31.1651,741,741
156.5,75,10.6032,0,0,8.61078,0,31.1651,741,741
156.6,75,10.6291,0,0,8.61078,0,31.1651,741,741
156.7,75,10.6585,0,0,8.61078,0,31.1651,741,741
156.8,75,10.6718,1,0,19.9201,0,13.2824,742,742
156.9,75,10.6982,1,0,19.9584,0,13.221,743,743
157,76,10.7658,1,0,19.9967,0,13.1597,744,744
157.1,75,10.7395,0,0,20.0355,0,13.0981,745,745
157.2,74,10.7454,0,0,20.0355,0,13.0981,745,745
157.3,74,10.7683,0,0,20.0355,0,13.0981,745,745
157.4,74,10.7983,0,0,20.0355,0,13.0981,745,745
157.5,74,10.8288,0,0,20.0355,0,13.0981,745,745
157.6,74,10.8566,0,0,20.0355,0,13.0981,745,745
157.7,74,10.8825,1,0,17.2878,0,19.4239,746,746
157.8,74,10.9111,1,0,17.304,0,19.3534,748,748
157.9,74,10.9315,0,0,17.3207,0,19.2825,750,750
158,74,10.9599,0,0,17.3207,0,19.2825,750,750
158.1,74,10.9899,0,0,17.3207,0,19.2825,750,750
158.2,74,11.0094,0,0,17.3207,0,19.2825,750,750
158.3,73,10.9796,0,0,17.3207,0,19.2825,750,750
158.4,73,10.9991,0,0,17.3207,0,19.2825,750,750
158.5,73,11.0074,0,0,17.3207,0,19.2825,750,750
158.6,73,11.0116,1,0,21.0013,0,11.5916,751,751
158.7,74,11.0388,1,0,21.033,1,11.5495,753,752
158.8,74,11.0447,1,0,21.0652,1,11.5069,754,753
158.9,74,11.0609,0,0,21.0652,0,11.5069,754,754
159,75,11.1034,0,0,21.0652,0,11.5069,754,754
159.1,75,11.1098,0,0,21.0652,0,11.5069,754,754
159.2,75,11.1153,0,0,21.0652,0,11.5069,754,754
159.3,75,11.0807,0,0,21.0652,0,11.5069,754,754
159.4,75,11.0907,0,0,21.0652,0,11.5069,754,754
159.5,75,11.1108,0,0,21.0652,0,11.5069,754,754
159.6,74,11.1008,0,0,21.0652,0,11.5069,754,754
159.7,74,11.1216,0,0,21.0652,0,11.5069,754,754
159.8,74,11.1367,0,0,21.0652,0,11.5069,754,754
159.9,74,11.1375,0,0,21.0652,0,11.5069,754,754
160,74,11.1111,0,0,21.0652,0,11.5069,754,754
160.1,74,11.1025,0,0,21.0652,0,11.5069,754,754
160.2,74,11.099,1,0,16.8703,0,18.2177,755,755
160.3,74,11.1258,2,0,26.7908,0,17.6805,757,757
160.4,73,11.1243,2,0,26.8221,1,17.6892,760,759
160.5,73,11.1306,3,1,17.0774,2,25.6649,764,761
160.6,73,11.1416,2,0,17.0774,1,25.6649,764,763
160.7,73,11.152,1,1,17.046,0,25.5111,766,765
160.8,73,11.1634,1,1,17.0309,0,25.434,767,766
160.9,73,11.167,1,1,17.0161,0,25.3568,768,767
161,74,11.2156,0,0,17.0161,0,25.3568,768,768
161.1,74,11.2224,0,0,17.0161,0,25.3568,768,768
161.2,74,11.2223,0,0,17.0161,0,25.3568,768,768
161.3,74,11.2277,0,0,17.0161,0,25.3568,768,768
161.4,74,11.2388,0,0,17.0161,0,25.3568,768,768
161.5,74,11.2421,0,0,17.0161,0,25.3568,768,768
161.6,74,11.2518,0,0,17.0161,0,25.3568,768,768
161.7,74,11.2671,0,0,17.0161,0,25.3568,768,768
161.8,74,11.2615,0,0,17.0161,0,25.3568,768,768
161.9,74,11.2734,0,0,17.0161,0,25.3568,768,768
162,75,11.3086,0,0,17.0161,0,25.3568,768,768
162.1,75,11.3236,0,0,17.0161,0,25.3568,768,768
162.2,74,11.3015,0,0,17.0161,0,25.3568,768,768
162.3,74,11.292,0,0,17.0161,0,25.3568,768,768
162.4,74,11.2817,0,0,17.0161,0,25.3568,768,768
162.5,74,11.2911,0,0,17.0161,0,25.3568,768,768
162.6,74,11.2948,0,0,17.0161,0,25.3568,768,768
162.7,74,11.2899,0,0,17.0161,0,25.3568,768,768
162.8,74,11.287,0,0,17.0161,0,25.3568,768,768
162.9,74,11.2682,0,0,17.0161,0,25.3568,768,768
163,75,11.2878,0,0,17.0161,0,25.3568,768,768
163.1,75,11.2906,0,0,17.0161,0,25.3568,768,768
163.2,75,11.2845,0,0,17.0161,0,25.3568,768,768
163.3,75,11.2773,0,0,17.0161,0,25.3568,768,768
163.4,75,11.2843,0,0,17.0161,0,25.3568,768,768
163.5,75,11.2851,0,0,17.0161,0,25.3568,768,768
163.6,75,11.2762,0,0,17.0161,0,25.3568,768,768
163.7,75,11.2643,0,0,17.0161,0,25.3568,768,768
163.8,75,11.2578,1,0,20.1431,0,16.9925,769,769
163.9,75,11.2397,1,0,20.0863,0,17.003,770,770
164,76,11.2729,1,0,20.0305,1,17.0136,772,771
164.1,76,11.268,1,0,16.9989,0,27.4249,773,773
164.2,76,11.2623,1,1,16.9618,0,27.4338,775,774
164.3,76,11.2495,1,1,16.9241,0,27.4429,776,775
164.4,76,11.2393,1,1,15.3234,0,18.8951,777,776
164.5,75,11.282,1,0,15.3234,0,18.8951,777,777
164.6,75,11.2674,1,0,15.1974,0,18.9567,778,778
164.7,75,11.2818,1,1,15.133,0,18.9886,780,779
164.8,75,11.2937,2,1,20.1242,0,12.8336,782,781
164.9,75,11.3026,1,0,20.0844,0,12.8937,783,783
165,76,11.3167,1,0,20.0449,1,12.9539,785,784
165.1,76,11.3184,1,0,20.0056,1,13.0141,786,785
165.2,76,11.2964,0,0,20.0056,0,13.0141,786,786
165.3,76,11.2859,0,0,20.0056,0,13.0141,786,786
165.4,76,11.2592,0,0,20.0056,0,13.0141,786,786
165.5,76,11.2399,1,0,18.7095,0,27.0783,787,787
165.6,76,11.2332,1,0,18.6548,0,27.0874,788,788
165.7,75,11.1833,1,0,18.6022,0,27.0963,789,789
165.8,75,11.1762,0,0,18.5518,0,27.105,790,790
165.9,75,11.1684,0,0,18.5518,0,27.105,790,790
166,75,11.16,0,0,18.5518,0,27.105,790,790
166.1,75,11.1511,0,0,18.5518,0,27.105,790,790
166.2,75,11.1479,0,0,18.5518,0,27.105,790,790
166.3,75,11.1449,0,0,18.5518,0,27.105,790,790
166.4,75,11.1313,0,0,18.5518,0,27.105,790,790
166.5,75,11.1166,0,0,18.5518,0,27.105,790,790
166.6,75,11.1768,0,0,18.5518,0,27.105,790,790
166.7,75,11.1867,0,0,18.5518,0,27.105,790,790
166.8,75,11.219,0,0,18.5518,0,27.105,790,790
166.9,75,11.2425,0,0,18.5518,0,27.105,790,790
167,76,11.2916,0,0,18.5518,0,27.105,790,790
167.1,76,11.2963,0,0,18.5518,0,27.105,790,790
167.2,76,11.3046,0,0,18.5518,0,27.105,790,790
167.3,76,11.3208,0,0,18.5518,0,27.105,790,790
167.4,76,11.3291,0,0,18.5518,0,27.105,790,790
167.5,76,11.3414,0,0,18.5518,0,27.105,790,790
167.6,76,11.3429,1,0,24.3216,0,26.8259,791,791
167.7,76,11.336,1,0,24.2503,0,26.8207,792,792
167.8,75,11.2837,0,0,24.1794,0,26.8158,793,793
167.9,74,11.2378,0,0,24.1794,0,26.8158,793,793
168,75,11.2558,0,0,24.1794,0,26.8158,793,793
168.1,75,11.2432,0,0,24.1794,0,26.8158,793,793
168.2,75,11.2239,1,0,16.9336,0,18.1931,794,794
168.3,75,11.1979,1,0,16.9336,0,18.1931,796,796
168.4,75,11.1828,1,0,16.9336,0,18.1931,797,797
168.5,75,11.1654,0,0,16.9336,0,18.1931,798,798
168.6,75,11.1394,0,0,16.9336,0,18.1931,798,798
168.7,75,11.1141,0,0,16.9336,0,18.1931,798,798
168.8,75,11.0882,0,0,16.9336,0,18.1931,798,798
168.9,74,11.0427,0,0,16.9336,0,18.1931,798,798
169,74,11.0171,0,0,16.9336,0,18.1931,798,798
169.1,74,10.9986,1,0,13.6526,0,28.8236,799,799
169.2,74,10.9852,1,0,13.5904,0,28.8482,800,800
169.3,74,10.9554,0,0,13.5282,0,28.873,801,801
169.4,74,10.9416,0,0,13.5282,0,28.873,801,801
169.5,74,10.9265,1,0,31.8119,0,8.39435,802,802
169.6,74,10.92,1,0,31.8453,0,8.35701,803,803
169.7,73,10.8843,1,0,31.8794,0,8.31952,804,804
169.8,73,10.8937,1,0,31.9142,2,8.2817,807,805
169.9,73,10.8985,1,0,31.9142,1,8.2817,807,806
170,74,10.9624,0,0,31.9142,0,8.2817,807,807
170.1,74,10.9681,0,0,31.9142,0,8.2817,807,807
170.2,74,10.9627,1,0,8.5543,0,23.7472,808,808
170.3,74,10.9565,1,0,8.57041,0,23.7297,809,809
170.4,72,10.8638,1,0,8.58508,0,23.7138,810,810
170.5,72,10.8666,1,1,8.59828,0,23.6995,812,811
170.6,73,10.8785,1,1,8.61002,0,23.6869,813,812
170.7,73,10.8766,0,0,8.61002,0,23.6869,813,813
170.8,73,10.8726,0,0,8.61002,0,23.6869,813,813
170.9,73,10.8632,0,0,8.61002,0,23.6869,813,813
171,74,10.8747,0,0,8.61002,0,23.6869,813,813
171.1,74,10.8535,0,0,8.61002,0,23.6869,813,813
171.2,74,10.844,0,0,8.61002,0,23.6869,813,813
171.3,74,10.8328,0,0,8.61002,0,23.6869,813,813
171.4,74,10.8236,0,0,8.61002,0,23.6869,813,813
171.5,74,10.7962,0,0,8.61002,0,23.6869,813,813
171.6,74,10.7808,1,0,27.4182,0,7.28571,814,814
171.7,74,10.7592,1,0,27.3534,0,7.27585,815,815
171.8,74,10.7387,0,0,27.2888,0,7.2672,816,816
171.9,73,10.77,0,0,27.2888,0,7.2672,816,816
172,74,10.7646,0,0,27.2888,0,7.2672,816,816
172.1,74,10.7358,0,0,27.2888,0,7.2672,816,816
172.2,74,10.7157,1,0,17.3855,0,24.6177,817,817
172.3,74,10.6925,1,0,17.3756,0,24.5458,818,818
172.4,74,10.6604,2,2,12.2617,0,29.0567,821,819
172.5,74,10.6406,1,1,12.2617,0,29.0567,821,820
172.6,74,10.6301,1,0,12.2617,0,29.0567,821,821
172.7,74,10.6127,1,0,12.0844,0,29.1382,822,822
172.8,74,10.6016,1,0,12.0253,0,29.1658,823,823
172.9,74,10.6013,0,0,11.9664,0,29.1934,824,824
173,75,10.6153,1,0,35.8953,0,7.70684,825,825
173.1,75,10.5945,1,0,35.9371,1,7.74084,827,826
173.2,75,10.587,1,0,35.9785,2,7.77487,829,827
173.3,75,10.5715,1,0,35.9785,1,7.77487,829,828
173.4,75,10.5527,1,0,36.0595,1,7.84253,830,829
173.5,74,10.5044,0,0,36.0595,0,7.84253,830,830
173.6,74,10.4912,0,0,36.0595,0,7.84253,830,830
173.7,74,10.4842,0,0,36.0595,0,7.84253,830,830
173.8,74,10.4822,0,0,36.0595,0,7.84253,830,830
173.9,74,10.4788,1,0,28.1551,0,14.5128,831,831
174,75,10.5219,1,0,28.1307,0,14.5831,832,832
174.1,74,10.4679,1,0,28.1064,0,14.6537,833,833
174.2,73,10.4121,1,0,28.0823,0,14.7246,834,834
174.3,73,10.4093,2,0,17.2406,0,22.6939,836,836
174.4,73,10.4053,1,0,17.2415,0,22.7658,838,838
174.5,73,10.3881,0,0,17.2427,0,22.8381,839,839
174.6,73,10.3797,0,0,17.2427,0,22.8381,839,839
174.7,73,10.3654,0,0,17.2427,0,22.8381,839,839
174.8,73,10.355,0,0,17.2427,0,22.8381,839,839
174.9,73,10.3491,0,0,17.2427,0,22.8381,839,839
175,73,10.3425,0,0,17.2427,0,22.8381,839,839
175.1,73,10.3229,0,0,17.2427,0,22.8381,839,839
175.2,73,10.3101,0,0,17.2427,0,22.8381,839,839
175.3,73,10.2975,0,0,17.2427,0,22.8381,839,839
175.4,73,10.2877,0,0,17.2427,0,22.8381,839,839
175.5,73,10.2676,0,0,17.2427,0,22.8381,839,839
175.6,73,10.261,0,0,17.2427,0,22.8381,839,839
175.7,73,10.2543,1,0,23.2398,0,9.04631,840,840
175.8,73,10.2361,1,0,23.2656,1,9.02125,842,841
175.9,73,10.2296,1,0,23.2921,1,8.99561,843,842
176,74,10.2383,0,0,23.2921,0,8.99561,843,843
176.1,74,10.2413,0,0,23.2921,0,8.99561,843,843
176.2,74,10.2453,0,0,23.2921,0,8.99561,843,843
176.3,73,10.2028,0,0,23.2921,0,8.99561,843,843
176.4,73,10.2054,0,0,23.2921,0,8.99561,843,843
176.5,73,10.2143,1,0,12.0296,0,20.6793,844,844
176.6,73,10.2308,1,0,12.0821,0,20.6416,845,845
176.7,73,10.2297,2,1,16.8817,0,18.3422,848,847
176.8,73,10.2478,3,1,26.5097,1,17.6043,851,849
176.9,73,10.2587,3,0,16.8817,1,18.3422,852,851
177,74,10.3284,2,0,26.4414,1,17.5865,854,853
177.1,74,10.3048,1,0,16.8817,0,18.3422,855,855
177.2,74,10.3235,2,0,28.4175,1,13.7931,857,856
177.3,74,10.3395,2,0,26.331,1,17.5584,858,857
177.4,74,10.3593,2,0,28.369,1,13.9213,859,858
177.5,74,10.3741,2,0,26.2532,1,17.539,860,859
177.6,74,10.3861,1,0,28.3213,3,14.0494,863,860
177.7,74,10.3922,1,0,28.3213,2,14.0494,863,861
177.8,73,10.3278,1,0,28.3213,1,14.0494,863,862
177.9,73,10.3205,1,0,28.2512,1,14.2417,864,863
178,74,10.3978,1,0,22.7878,1,9.5055,865,864
178.1,73,10.316,1,0,22.7878,0,9.5055,865,865
178.2,73,10.3227,1,0,22.7878,0,9.5055,866,866
178.3,73,10.3222,1,0,22.7878,0,9.5055,867,867
178.4,73,10.3331,0,0,22.7878,0,9.5055,868,868
178.5,73,10.3398,0,0,22.7878,0,9.5055,868,868
178.6,73,10.3319,0,0,22.7878,0,9.5055,868,868
178.7,73,10.3361,0,0,22.7878,0,9.5055,868,868
178.8,73,10.3322,0,0,22.7878,0,9.5055,868,868
178.9,73,10.3283,0,0,22.7878,0,9.5055,868,868
179,74,10.3873,1,0,23.6433,0,8.65068,869,869
179.1,74,10.4014,1,0,23.6433,0,8.65068,870,870
179.2,74,10.4029,0,0,23.6433,0,8.65068,871,871
179.3,74,10.4062,0,0,23.6433,0,8.65068,871,871
179.4,74,10.407,0,0,23.6433,0,8.65068,871,871
179.5,74,10.418,0,0,23.6433,0,8.65068,871,871
179.6,73,10.3538,0,0,23.6433,0,8.65068,871,871
179.7,73,10.36,0,0,23.6433,0,8.65068,871,871
179.8,72,10.2994,0,0,23.6433,0,8.65068,871,871
179.9,72,10.2827,0,0,23.6433,0,8.65068,871,871
180,73,10.3215,0,0,23.6433,0,8.65068,871,871
180.1,73,10.3087,1,0,18.0839,0,17.6547,872,872
180.2,73,10.279,1,0,18.0407,0,17.6685,874,874
180.3,73,10.2634,1,0,17.9966,0,17.6828,876,876
180.4,73,10.237,0,0,17.9512,0,17.6976,877,877
180.5,73,10.2079,1,0,32.9037,0,7.21311,878,878
180.6,73,10.1927,1,0,32.8597,0,7.23824,879,879
180.7,73,10.1753,0,0,32.8159,0,7.26423,880,880
180.8,73,10.1578,0,0,32.8159,0,7.26423,880,880
180.9,73,10.1527,0,0,32.8159,0,7.26423,880,880
181,73,10.1445,0,0,32.8159,0,7.26423,880,880
181.1,73,10.1157,0,0,32.8159,0,7.26423,880,880
181.2,73,10.0951,0,0,32.8159,0,7.26423,880,880
181.3,73,10.0776,0,0,32.8159,0,7.26423,880,880
181.4,73,10.0676,0,0,32.8159,0,7.26423,880,880
181.5,73,10.0524,0,0,32.8159,0,7.26423,880,880
181.6,73,10.0292,0,0,32.8159,0,7.26423,880,880
181.7,73,10.001,0,0,32.8159,0,7.26423,880,880
181.8,73,9.99142,0,0,32.8159,0,7.26423,880,880
181.9,73,9.98022,0,0,32.8159,0,7.26423,880,880
182,74,10.0208,0,0,32.8159,0,7.26423,880,880
182.1,74,10.025,1,0,9.66917,0,22.6349,881,881
182.2,74,10.02,2,0,23.5049,0,8.81683,883,883
182.3,74,10.0183,2,0,23.5329,1,8.79229,886,885
182.4,74,10.019,2,1,32.0868,1,7.83741,889,887
182.5,73,9.96748,2,1,9.60926,0,22.6904,890,889
182.6,73,9.96189,1,0,32.0033,0,7.91915,891,891
182.7,73,9.94547,2,0,10.7359,1,21.7189,894,893
182.8,73,9.94235,1,0,10.7262,0,21.7267,895,895
182.9,72,9.88743,1,1,10.7164,0,21.7346,897,896
183,73,9.94918,1,1,10.7064,0,21.7427,898,897
183.1,73,9.95955,0,0,10.7064,0,21.7427,898,898
183.2,73,9.97526,1,0,17.2375,0,18.2106,899,899
183.3,73,9.99342,1,0,17.2375,0,18.2106,901,901
183.4,73,10.0026,0,0,17.2375,0,18.2106,903,903
183.5,73,10.0274,0,0,17.2375,0,18.2106,903,903
183.6,73,10.0623,0,0,17.2375,0,18.2106,903,903
183.7,72,10.0338,0,0,17.2375,0,18.2106,903,903
183.8,72,10.064,0,0,17.2375,0,18.2106,903,903
183.9,72,10.0761,1,0,32.958,0,6.96633,904,904
184,72,10.1053,1,0,32.9191,1,6.98521,906,905
184.1,72,10.1271,1,0,32.8804,1,7.00485,907,906
184.2,72,10.146,0,0,32.8804,0,7.00485,907,907
184.3,72,10.1751,0,0,32.8804,0,7.00485,907,907
184.4,72,10.19,0,0,32.8804,0,7.00485,907,907
184.5,72,10.2056,0,0,32.8804,0,7.00485,907,907
184.6,72,10.2032,0,0,32.8804,0,7.00485,907,907
184.7,72,10.2388,0,0,32.8804,0,7.00485,907,907
184.8,72,10.266,1,0,27.3986,0,26.5421,908,908
184.9,72,10.2937,1,0,27.4101,0,26.6122,909,909
185,73,10.3658,0,0,27.4216,0,26.6818,910,910
185.1,73,10.3939,0,0,27.4216,0,26.6818,910,910
185.2,73,10.4277,0,0,27.4216,0,26.6818,910,910
185.3,73,10.4399,0,0,27.4216,0,26.6818,910,910
185.4,73,10.4591,0,0,27.4216,0,26.6818,910,910
185.5,73,10.4722,0,0,27.4216,0,26.6818,910,910
185.6,73,10.496,0,0,27.4216,0,26.6818,910,910
185.7,73,10.52,0,0,27.4216,0,26.6818,910,910
185.8,73,10.4695,0,0,27.4216,0,26.6818,910,910
185.9,73,10.4988,0,0,27.4216,0,26.6818,910,910
186,73,10.5193,0,0,27.4216,0,26.6818,910,910
186.1,73,10.5271,0,0,27.4216,0,26.6818,910,910
186.2,73,10.5431,0,0,27.4216,0,26.6818,910,910
186.3,73,10.5464,0,0,27.4216,0,26.6818,910,910
186.4,73,10.5388,0,0,27.4216,0,26.6818,910,910
186.5,73,10.5216,0,0,27.4216,0,26.6818,910,910
186.6,73,10.5113,0,0,27.4216,0,26.6818,910,910
186.7,73,10.5028,0,0,27.4216,0,26.6818,910,910
186.8,73,10.4881,0,0,27.4216,0,26.6818,910,910
186.9,73,10.4814,0,0,27.4216,0,26.6818,910,910
187,74,10.5038,0,0,27.4216,0,26.6818,910,910
187.1,74,10.4946,1,0,17.5766,0,18.335,911,911
187.2,74,10.476,0,0,17.5766,0,18.335,913,913
187.3,75,10.5296,0,0,17.5766,0,18.335,913,913
187.4,75,10.5199,1,0,24.5709,0,7.93234,914,914
187.5,75,10.4926,1,0,24.6229,0,7.89686,915,915
187.6,74,10.4151,0,0,24.6758,0,7.86148,916,916
187.7,74,10.4125,0,0,24.6758,0,7.86148,916,916
187.8,74,10.392,0,0,24.6758,0,7.86148,916,916
187.9,74,10.3895,0,0,24.6758,0,7.86148,916,916
188,75,10.4086,0,0,24.6758,0,7.86148,916,916
188.1,75,10.3983,0,0,24.6758,0,7.86148,916,916
188.2,75,10.3853,1,0,24.7413,0,27.3297,917,917
188.3,75,10.3761,1,0,24.6796,0,27.3244,918,918
188.4,75,10.3745,1,0,24.6177,0,27.3193,919,919
188.5,75,10.3762,1,0,24.5559,0,27.3144,920,920
188.6,75,10.3852,1,0,24.4939,0,27.3095,921,921
188.7,75,10.3711,0,0,24.4316,0,27.3049,922,922
188.8,75,10.3589,1,0,10.6295,0,21.805,923,923
188.9,75,10.3493,1,1,10.5999,0,21.8291,925,924
189,76,10.3669,1,1,10.5714,0,21.8523,926,925
189.1,76,10.3546,1,0,10.5714,0,21.8523,926,926
189.2,76,10.3465,1,1,10.5183,0,21.896,928,927
189.3,76,10.344,0,0,10.5183,0,21.896,928,928
189.4,76,10.3416,0,0,10.5183,0,21.896,928,928
189.5,76,10.3328,0,0,10.5183,0,21.896,928,928
189.6,76,10.3227,0,0,10.5183,0,21.896,928,928
189.7,76,10.3142,0,0,10.5183,0,21.896,928,928
189.8,76,10.2981,0,0,10.5183,0,21.896,928,928
189.9,76,10.2994,0,0,10.5183,0,21.896,928,928
190,77,10.3411,0,0,10.5183,0,21.896,928,928
190.1,77,10.3579,1,0,30.4502,0,8.60681,929,929
190.2,77,10.3782,1,0,30.4778,0,8.62755,930,930
190.3,77,10.4072,1,0,30.5065,0,8.64922,931,931
190.4,77,10.4432,1,0,30.5353,0,8.67112,932,932
190.5,77,10.4441,0,0,30.5623,0,8.69166,933,933
190.6,77,10.455,1,0,31.2157,0,9.13841,934,934
190.7,77,10.4592,1,0,31.1773,0,9.19127,935,935
190.8,77,10.4673,1,0,31.1389,0,9.24469,936,936
190.9,77,10.4752,1,0,33.3723,1,7.41557,938,937
191,76,10.4383,1,0,33.3723,0,7.41557,938,938
191.1,76,10.4575,1,0,33.3012,1,7.44706,940,939
191.2,76,10.4821,1,0,33.2658,1,7.46377,941,940
191.3,76,10.4987,1,0,33.2658,0,7.46377,941,941
191.4,76,10.5236,2,0,17.0221,1,18.1593,944,943
191.5,76,10.5454,2,1,15.7305,1,18.7026,947,945
191.6,76,10.5809,2,1,14.869,0,28.5529,948,947
191.7,76,10.6118,2,0,15.8233,0,18.6601,949,949
191.8,76,10.6471,2,1,14.9962,0,28.51,951,950
191.9,76,10.6713,2,1,15.9125,0,18.6198,953,952
192,77,10.7433,1,1,15.123,0,28.468,954,953
192.1,77,10.7604,1,0,15.123,0,28.468,954,954
192.2,77,10.7824,1,1,15.2501,0,28.4267,956,955
192.3,77,10.8092,1,1,15.3138,0,28.4062,957,956
192.4,77,10.8409,0,0,15.3138,0,28.4062,957,957
192.5,77,10.8683,0,0,15.3138,0,28.4062,957,957
192.6,77,10.8911,0,0,15.3138,0,28.4062,957,957
192.7,77,10.9259,0,0,15.3138,0,28.4062,957,957
192.8,77,10.9335,0,0,15.3138,0,28.4062,957,957
192.9,77,10.9527,0,0,15.3138,0,28.4062,957,957
193,77,10.9833,0,0,15.3138,0,28.4062,957,957
193.1,77,10.9901,0,0,15.3138,0,28.4062,957,957
193.2,78,11.0043,0,0,15.3138,0,28.4062,957,957
193.3,78,11.0121,0,0,15.3138,0,28.4062,957,957
193.4,78,11.0207,0,0,15.3138,0,28.4062,957,957
193.5,78,11.032,0,0,15.3138,0,28.4062,957,957
193.6,78,11.0431,0,0,15.3138,0,28.4062,957,957
193.7,77,11.0125,0,0,15.3138,0,28.4062,957,957
193.8,77,11.0173,0,0,15.3138,0,28.4062,957,957
193.9,77,11.0149,0,0,15.3138,0,28.4062,957,957
194,78,11.0647,0,0,15.3138,0,28.4062,957,957
194.1,78,11.066,0,0,15.3138,0,28.4062,957,957
194.2,78,11.0883,0,0,15.3138,0,28.4062,957,957
194.3,78,11.0982,0,0,15.3138,0,28.4062,957,957
194.4,78,11.1083,0,0,15.3138,0,28.4062,957,957
194.5,78,11.1232,0,0,15.3138,0,28.4062,957,957
194.6,78,11.1251,0,0,15.3138,0,28.4062,957,957
194.7,78,11.1291,0,0,15.3138,0,28.4062,957,957
194.8,78,11.1359,0,0,15.3138,0,28.4062,957,957
194.9,78,11.1427,0,0,15.3138,0,28.4062,957,957
195,78,11.1437,0,0,15.3138,0,28.4062,957,957
195.1,78,11.1495,0,0,15.3138,0,28.4062,957,957
195.2,78,11.1371,0,0,15.3138,0,28.4062,957,957
195.3,78,11.1362,0,0,15.3138,0,28.4062,957,957
195.4,78,11.1558,0,0,15.3138,0,28.4062,957,957
195.5,78,11.1647,0,0,15.3138,0,28.4062,957,957
195.6,79,11.1535,0,0,15.3138,0,28.4062,957,957
195.7,79,11.1434,1,0,7.08003,0,26.966,958,958
195.8,77,11.0451,1,0,7.08019,0,26.9165,959,959
195.9,77,11.0364,0,0,7.08111,0,26.8671,960,960
196,78,11.0693,0,0,7.08111,0,26.8671,960,960
196.1,78,11.0663,0,0,7.08111,0,26.8671,960,960
196.2,78,11.0522,0,0,7.08111,0,26.8671,960,960
196.3,78,11.0412,0,0,7.08111,0,26.8671,960,960
196.4,78,11.0269,0,0,7.08111,0,26.8671,960,960
196.5,78,11.0256,1,0,25.8312,0,7.39642,961,961
196.6,78,11.0328,1,0,25.8824,1,7.38123,963,962
196.7,78,11.0357,1,0,25.9334,2,7.36684,965,963
196.8,78,11.0452,1,0,25.9843,2,7.35323,966,964
196.9,78,11.0407,2,0,30.5803,2,8.89014,967,965
197,76,10.9812,1,0,30.5803,1,8.89014,967,966
197.1,76,10.9625,2,0,22.8033,1,9.48922,968,967
197.2,76,10.949,2,0,30.5803,3,8.89014,971,968
197.3,76,10.9338,2,0,22.6156,3,9.67466,972,969
197.4,76,10.9078,2,0,22.6156,2,9.67466,972,970
197.5,76,10.8783,2,0,30.5803,2,8.89014,973,971
197.6,75,10.847,2,0,30.5803,1,8.89014,973,972
197.7,75,10.8549,1,0,22.4655,2,9.83384,975,973
197.8,75,10.86,1,0,22.4655,1,9.83384,975,974
197.9,75,10.8477,0,0,22.4655,0,9.83384,975,975
198,76,10.8727,0,0,22.4655,0,9.83384,975,975
198.1,76,10.877,0,0,22.4655,0,9.83384,975,975
198.2,76,10.8725,0,0,22.4655,0,9.83384,975,975
198.3,75,10.8033,0,0,22.4655,0,9.83384,975,975
198.4,75,10.812,0,0,22.4655,0,9.83384,975,975
198.5,75,10.8295,0,0,22.4655,0,9.83384,975,975
198.6,74,10.8175,0,0,22.4655,0,9.83384,975,975
198.7,74,10.8414,0,0,22.4655,0,9.83384,975,975
198.8,74,10.8676,0,0,22.4655,0,9.83384,975,975
198.9,74,10.8773,0,0,22.4655,0,9.83384,975,975
199,75,10.8951,0,0,22.4655,0,9.83384,975,975
199.1,75,10.9182,0,0,22.4655,0,9.83384,975,975
199.2,75,10.9292,0,0,22.4655,0,9.83384,975,975
199.3,75,10.9363,0,0,22.4655,0,9.83384,975,975
199.4,75,10.9416,0,0,22.4655,0,9.83384,975,975
199.5,75,10.9582,1,0,23.116,0,26.7666,976,976
199.6,75,10.9729,1,0,23.1878,0,26.7684,977,977
199.7,75,10.9698,0,0,23.26,0,26.7705,978,978
199.8,75,10.969,0,0,23.26,0,26.7705,978,978
199.9,75,10.9888,0,0,23.26,0,26.7705,978,978
